품목별,출하액 (백만원)
광업 및 제조업,1494771123
광 업(05~08),3047608
"석탄, 원유 및 천연가스 광업",260403
무연탄(채굴),159933
원유(채굴한 것),X
천연가스(채굴한 것),X
금속 광업,X
철광(채굴 및 정광),X
금·은 및 백금 광업,X
연(납)광 및 아연광(채굴 및 정광),X
비금속광물 광업; 연료용 제외,2620455
석회쇄석(채굴),556550
고령토(채굴),5700
기타 점토(채굴),X
화강암 원석(파쇄되지 않은 것),158177
석회석 원석(파쇄되지 않은 것),44129
건설용 쇄석(석회쇄석 제외),1366030
건설용 천연모래,234574
천연 자갈,66966
공업용 천연모래,104331
납석(채굴),14200
기타 화학 및 비료 원료용 광물(채굴),X
천일염(채취한 것),22958
규석(채굴),17135
장석(채굴),X
기타 비금속광물,13003
광업 지원 서비스업,X
기타 광업 지원 서비스,X
제 조 업(10~34),1491723515
식료품 제조업,81991225
쇠고기(도축),581160
돼지고기(도축),1526958
기타 도축고기,X
원피,X
육류 도축고기 부산물,121711
닭고기,2616477
오리고기,292541
기타 가금고기 부산물,41145
"가금류 소시지, 통조림 및 병조림",8838
가금류 포장육,1394263
기타 가금류 가공품,615027
육지동물 포장육,5000074
육지동물 통조림 및 병조림,51342
베이컨,88495
햄(가축),819591
소시지(축육),385198
기타 육지동물 소시지 유사제품,282038
기타 고기가공품,1507149
어묵 및 유사가공품,651641
어육 소시지 및 어묵햄,383193
조미오징어,289967
조미쥐치포,32058
기타 조미조제식품 및 어류훈제품,72072
기타 수산동물 조리가공품,130151
참치통조림,479884
골뱅이통조림,47941
굴 통조림,19206
꽁치통조림,18548
조개통조림,X
기타 수산동물 통조림,36898
명태 건제품,185283
멸치 건제품,133660
오징어류 건제품,35721
어류의 채(건조한 것),71404
기타 소건품,22977
기타 자건품,27357
기타 수산동물 및 부산물 건제품,8942
멸치젓류,6297
명란젓 및 창란젓,98340
기타 젓갈류,140589
어류 염장품,161370
냉동 참치,277072
냉동 고등어,125065
동태,62997
기타 어류 및 부산물의 냉동품,226363
갑각류 냉동품,77853
연체동물 냉동품,341394
"어육(신선 및 냉동한 것, 등뼈 제거)",564634
비식용 어분,21164
기타 수산동물 가공품,28856
어류 부산물(신선 및 냉동한 것),30016
김,1555517
미역,157777
톳,30420
기타 해조류 가공품,130003
김치,1345997
단무지,305799
기타 과실 및 채소 절임식품,285856
오렌지원액,X
농축 과실즙,262259
농축 채소즙,155165
과실주스,110141
채소주스,41121
과실 통조림,49625
잼 및 젤리 통조림,175788
냉동 과실,34441
기타 과실가공품,122283
채소 통조림,22739
건조 채소,89437
기타 채소가공품,413560
견과 가공품,278845
식용 지방(육지동물의 것),56502
비식용 지방(육지동물의 것),41587
수산동물 조유(원유),48795
동물성 지방 부산물,172199
참기름,173174
들기름,29799
옥수수 원유(압착한 것),14526
채종유(유채유),22793
기타 식물성 원유(압착한 것),39803
대두박,394226
기타 식물성 유박,X
콩기름(대두유),697238
옥수수기름,83896
올리브유,178093
마아가린,X
쇼트닝,99255
기타 식물성 정제유 및 가공유,248003
시유,2775128
연유,38839
조제분유(우유기저),333707
분유,152053
발효유,1568723
버터,35105
치즈,753251
기타 낙농제품,278103
아이스크림,1025003
빙과,266936
쌀(도정한 것),1996979
보리쌀(도정한 것),40503
기타 도정 곡물,65637
도정 부산물,70667
밀가루,1170016
콩가루,4620
옥수수가루,74911
기타 곡물가루,165069
소맥피,X
제분 부산물,X
곡물 혼합 분말 및 반죽,881493
선식류,203711
앙금류,115195
씨리얼식품,242768
기타 곡물조제식품,137966
고구마전분,24611
옥수수전분,258615
기타 전분제품,191855
포도당,67605
물엿,359453
과당,252492
기타 당류,80531
떡(제조도매),419552
떡(제조소매),55453
식빵(제조도매),835086
도넛(제조도매),163428
피자(제조도매),12736
기타 빵류(제조도매),1507427
케이크(제조도매),800707
코코아 분말,17315
초콜릿류,768661
캔디류,374600
껌,206462
미과,130988
스낵류,1103758
건과자류,596557
기타 곡분과자,125411
원당,X
정제당,1090859
국수,306377
당면,59818
냉면,235778
기타 유사국수,45034
라면,2342479
기타 인스턴트면류,66000
기타 화학조미료,161436
식초,143688
맛소금,X
고추가루,309333
후추가루,54942
혼합 조미료,1149116
기타 천연조미료,169018
마요네즈,241813
케찹,95941
카레,78934
기타 혼합조제조미료,1462925
간장,384434
된장,189268
고추장,351238
춘장,36090
메주,9095
혼합장,34097
기타 장류,87851
커피 크리머,131748
효모,34044
가라기난,X
식품용 색소,92415
기타 식품첨가물,414916
김밥(제조도매),443896
도시락(제조도매),954971
냉동만두,787559
기타 냉동조리식품,1727260
레토르트 식품,1127718
기타 식사용 조리식품(제조도매),617111
원두커피,400084
인스턴트 커피,612092
커피믹스,602040
녹차,118543
홍차,20350
"치커리차, 보리차 및 옥수수차",201840
율무차,40670
유자차,192657
꿀차,11810
기타 가공차,208244
조제수프,67049
이유식(우유기저 제외),123093
음료 베이스,372885
두부,519254
유부,67363
기타 묵 및 유사제품,65879
백삼,X
홍삼,306928
인삼분말,46885
인삼즙,289295
인삼차,72637
인삼과자,199265
기타 인삼기저 식품,17517
건강원제품,78607
기타 건강보조용 액화식품,139234
스쿠알렌식품,X
효소식품,348530
정제어유가공식품,30230
알로에식품,80610
기타 건강기능식품,1712370
계란 및 새알 가공품,429990
기타 식품,56930
배합사료(양우용),3451272
배합사료(양돈용),2439227
배합사료(양계용),1873717
배합사료(기타 동물),1088325
배합사료(양어용),215578
애완동물사료,365000
단미사료,157812
사료 첨가제,447046
기타 사료,97503
동물용 조제식품,59646
음료 제조업,12036174
탁주,313286
약주,45500
맥아,X
맥주,2021602
청주,X
"포도주, 샴페인",26329
복분자주,20897
기타 발효주,29717
주정,490870
소주,2095017
위스키,X
매실주,X
기타 증류주 및 합성주,13681
얼음,87429
생수,892251
콜라,706510
사이다,509842
기타 탄산음료,652407
알카리성 이온음료,110238
식물성 섬유음료,140121
인삼음료,459186
과실음료,673546
채소음료,40614
커피 음료,880616
두유,401465
기타 비알콜성 음료,1163191
담배 제조업,3693989
담배잎(재건조),X
담배,3244623
기타 궐련,X
섬유제품 제조업; 의복 제외,15901181
방적용 면,X
순면사,389536
면혼방사,217192
방적용 모,X
순소모사,31024
혼방소모사,23167
순방모사,102270
혼방방모사,64806
재생섬유사,132472
순합성섬유사,101503
혼방합성섬유사,339077
재봉사,67790
편물사,97680
커버링사,129528
기타가공사,180747
견사 및 견방사,X
마사 및 기타 식물성 섬유사,X
순면직물,258638
혼방면직물,250803
순소모직물,54018
혼방소모직물,57326
순방모직물,32658
혼방방모직물,17942
비스코스직물,36725
아세테이트직물,43032
순합성섬유직물,988162
혼방합성섬유직물,995290
순견직물,27382
혼방견직물,24503
마 및 기타 식물성 직물,5697
파일직물,228808
유리섬유직물,91322
기타 특수직물,265445
이불,479036
담요,10674
타월(직물),179067
침구용 카바,135625
베개 및 유사제품,37855
기타 침구관련제품,39676
자수제품 및 자수용재료,43525
커튼 및 유사제품,416235
텐트,42167
천막 및 덮개(직물),442267
기타 캔버스제품,21395
직물포대,195823
낙하산,X
차량의자 카바,1134255
청소용 포(직물),118017
가정용품 덮개,X
기타 직물제품,535494
견편조물,161114
면편조물,89795
인조섬유편조물,479329
기타 편조물,53921
섬유사 염색,145204
직물 염색,1147431
의복 및 직물제품의 염색,57676
직물원단 날염,270498
의복 및 직물제품의 날염,30311
섬유 호부처리,53591
섬유 기타 가공,37146
카페트,103716
마루덮개 및 유사제품,82591
끈 및 로프(식물성섬유),66670
끈(합성섬유),34561
로프(합성섬유),148864
어망,93439
기타 망,146540
끈가공품,62555
세폭직물,223478
부직포,824107
펠트,208165
부직포 제품,494736
타이어코드 및 타이어직물,413177
고무도포 사,X
기타 특수사,38266
비닐도포직물,100465
고무도포직물,50003
기타도포 및 적층직물,310043
워딩(솜) 제품,408317
편조제품(의복 및 의복액세서리 제외),X
레이스원단 및 망직물(편직된 것),66854
장식용 트리밍,X
직물제 필터,175714
기타 섬유제품,141169
"의복, 의복 액세서리 및 모피제품 제조업",14191325
남자 및 소년용 정장,656133
남자 및 소년용 코트,X
남자 및 소년용 자켓 및 점퍼,839026
남자 및 소년용 바지,67596
여자 및 소녀용 정장,2032581
여자 및 소녀용 코트,237471
여자 및 소녀용 자켓 및 점퍼,1908095
여자 및 소녀용 치마,138455
여자 및 소녀용 바지,68968
남자 및 소년용 속옷,73140
남자 및 소년용 내복 및 잠옷,11749
여자 및 소녀용 속옷,96139
여자용 보정의류,106865
여자 및 소녀용 내복 및 잠옷,9755
한복,11139
남성용 직물셔츠,734577
남성용 니트셔츠(니트원단 구입),63266
여성용 직물 블라우스 및 셔츠,783535
여성용 니트 블라우스 및 셔츠(니트원단 구입),463360
학생용 교복,214702
"사무, 작업 및 위생용 의복",805553
운동복,1750838
남자용 가죽의복,29940
여자용 가죽의복,69340
유아용 의복 및 부속품,913978
기타 봉제의복,136064
천연모피 의복,164780
기타 천연 모피제품,X
인조모피 제품,X
남자용 속옷 (편직결합),16240
여자용 속옷 (편직결합),115741
유아용 내의(편직결합),56476
남자용 셔츠(편직결합),213108
여자용 셔츠 및 브라우스(편직결합),85086
남자용 스웨터(편직결합),61988
여자용 스웨터(편직결합),200217
기타 남성용 편조 외의(편직결합),26044
기타 여성용 편조 외의(편직결합),115525
스타킹,50495
양말,181581
장갑(편직결합),215242
기타 편조제품,16776
모자,111162
섬유 장갑,63257
가죽 장갑,17689
넥타이,20601
목도리,X
스카프,64320
벨트(허리띠),15827
손수건,30750
기타 의복악세서리,26181
의류 부분품,91919
"가죽, 가방 및 신발 제조업",4653278
소가죽,867039
돼지가죽,X
면양 또는 산양(염소)의 가죽,X
기타 동물가죽,X
재생가죽,X
기타 특수가공가죽,34827
천연모피(유연처리 또는 완성가공한 것),X
인조모피,X
핸드백,991367
지갑,110278
서류가방,24561
여행용 가방,16984
학생용 가방,9850
등산용 배낭,30505
기타 가방,53511
케이스(가죽 및 섬유제),146434
산업용 가죽제품,26766
가정용 가죽제품,97777
남자용 구두(단화 포함),347797
여자용 구두(단화 포함),502083
아동용 구두(단화 포함),8296
가죽 장화,17541
고무장화,29119
프라스틱 및 고무제 운동화,24528
기타 플라스틱 및 고무제 신발,12319
직물슬리퍼,X
플라스틱 및 고무 슬리퍼,49829
가죽 슬리퍼,X
운동화,388971
가죽 등산화,371575
가죽 샌달,34284
기타 직물갑피제 또는 가죽갑피제 신발,99689
스포츠화,12567
기타 재료제의 신발,X
가죽제 신발부분품,84135
플라스틱 및 고무제 운동화부분품,105677
기타 플라스틱 및 고무제 신발부분품,77200
기타 재료제의 신발부분품,28177
목재 및 나무제품 제조업; 가구 제외,5559394
소각재,51152
각재,466322
판재,110708
제재부산물,54771
마루용 판재,239016
우드몰딩,62537
목모와 목분,35068
칩상 또는 삭편상의 목재,116356
기타 표면가공목재,56622
표면처리 및 방부처리목재,237040
단판,35218
일반 합판,295347
가공합판,451416
파티클보드(PB),340919
MDF(중밀도섬유판),393267
강화마루,138738
재생목재,115431
목제의 창문 및 창문틀,118006
목제의 문 및 문틀,503411
목제 패널,267521
목제의 건물 부착물,131836
목제 깔판류 및 기타 적재용 판,633331
목제통 및 관련 부품,42557
목제의 포장 및 운반용 상자,432822
목제의 케이블드럼,31783
목제도구 및 부품,10509
주방용 또는 식탁용 목제품,24728
목제 그림틀 및 사진틀,9223
기타 장식용 목제품,13712
장의용 목관,12970
기타 목제품,117372
콜크 및 콜크제품,X
대나무 돗자리,5279
기타 조물제품,X
"펄프, 종이 및 종이제품 제조업",23064420
화학펄프,X
기타 펄프,X
신문용지,777563
백상지,1453066
중질지,244872
인쇄용 박엽지,126735
아트지,1219765
정보용지,739519
지폐용지,X
수제지,13268
기타 인쇄 및 필기용지,51787
크라프트지,188703
골판지원지,2431736
백판지,795896
기타 판지,16810
적층가공지(박지),555386
포장지,380914
접착지,189805
기타 가공지,120483
위생용지,316927
기타위생용지,64259
기타 종이 및 판지,85876
골판지,950409
골판지 상자,4401774
기타 골판지제 관련제품,31588
종이 포대,251990
종이 가방,191371
판지상자 및 용기,674043
식품위생용 종이상자,255011
식품용 종이용기,405806
기타 종이상자 및 용기(판지 및 골판지 이외),414693
지관(판지 및 골판지 이외),278642
전자복사기용지(소매용),64182
노트류,198094
컴퓨터용지,115297
앨범,46815
바인더,50519
사무용 봉투,61478
장부류,X
기타 문구용 종이제품,91064
화장지,1204661
종이 타월,666897
종이 생리대,366874
종이 기저귀,643895
기타 위생용 종이제품,11579
종이벽지,277307
직물벽지,154629
장판지,X
여과지,272643
종이 라벨,659496
식품용 종이제품(용기 및 상자 제외),274263
기타 종이 및 판지제품,76179
인쇄 및 기록매체 복제업,568429
인쇄판,534961
오디오 복제물,X
기타 기록매체 복제물,X
"코크스, 연탄 및 석유정제품 제조업",113581814
석탄코크스,X
콜타르(조상의 것),105044
연탄,82594
휘발유,15812517
제트유,16308183
등유,2735568
경유,37149630
경질중유(벙커A유),X
중유(벙커B유),412664
벙커C유,7110240
나프타,16315359
솔벤트,1684839
윤활기유,5693759
프로판가스,1223593
부탄가스,2324422
윤활유(석유기저),2811698
그리스(석유기저),92645
재생 윤활유 및 그리스,109360
파라핀,147810
아스팔트,2371502
재생유,525293
기타 석유정제품,415191
화학 물질 및 화학제품 제조업; 의약품 제외,161874422
혼합부탄,208324
에틸렌,4077920
프로필렌,5133039
부타디엔,1452515
기타 비환식 탄화수소,342753
알킬벤젠,X
벤젠,5378291
톨루엔,889108
디니트로톨루엔(DNT),X
파라자일렌(P-X),13108856
올소자일렌,X
스티렌모노머(SM),3954334
자일렌(Xylene),1858074
기타 환식탄화수소,X
이염화에틸렌(EDC),532460
염화비닐모노머(VCM),943292
기타 탄화수소 유도체,820913
숯,16498
기타 검 및 나무화합물,98265
콜타르피치,220032
석탄 화학물,151705
부탄올,124432
옥탄올(2-EH),313843
메탄올,7153
에틸알콜(공업용),104798
에틸렌글리콜(EG),1304020
프로필렌글리콜(PG),X
폴리프로필렌글리콜(PPG),1206113
페놀,401885
기타 알코올 및 관련 유도체,115327
공업용 지방산,X
초산,180841
초산에틸,X
아크릴산,X
무수마레인산,57763
무수프탈산(PA),291060
테레프탈산(TPA),3716894
메틸메타크릴레이트(MMA),481353
아크릴레이트,457626
기타 카르복실산 및 그 유도체,130619
메틸터셔리부틸에테르(MTBE),385747
아민,115465
아크릴로니트릴(AN),X
톨루엔 디이소시아네이트(TDI),862351
메틸렌 디페닐 디이소시아네이트((MDI),1162068
카프로락탐(CPLM),X
아세톤,233650
가소제,1063209
ECH(에피클로로히드린),X
산화프로필렌(PO),X
초산비닐,X
아디핀산,X
BPA(비스페놀A),1011610
고순도이소프탈산,X
폴리테트라 메틸렌 에테르 글리콜(PTMEG),X
포르말린,X
기타 기초유기화합물,1384377
수소(Hydrogen),1332389
질소(Nitrogen),1347326
산소(Oxygen),554312
아세틸렌가스,41056
이산화탄소,175797
아르곤가스,262965
희소가스,X
기타산업용가스,846742
구입한 압축 및 액화가스의 정제,124376
염소,164435
염산,112325
수산화나트륨(가성소다),1099355
염소산나트륨,9412
기타 가성소다,381277
소다회,X
기타 소다공업제품,136866
카본블랙,827829
화이트카본,X
이산화규소,X
과산화수소,531786
황,262545
오산화인,13398
기타 비금속화합물,79386
황산,357389
인산,94508
기타 무기산,35005
황산알루미늄,89902
황산마그네슘,X
탄산칼슘,264155
규산소다,67168
시안화나트륨,158903
수산화알루미늄,84051
탄산칼륨,X
기타 칼륨염,X
기타 금속 무기화합물,265531
핵연료,X
폴리실리콘,853365
잉곳 및 웨이퍼(태양전지용),41735
아연화,278714
산화티타늄,102793
산화철,61151
기타 무기안료,93442
천연색소,X
유연제,81100
분산염료,130419
산성 및 매염염료,43476
직접염료,41678
반응성염료,128959
형광염료,44413
플라스틱착색제(마스터배치),491828
색소중간착색제,74006
기타 합성염료,81516
레이크계 안료,111906
색소안료,248614
SBR,461550
BR,1085110
SB라텍스,1818348
기타 합성고무,992297
고밀도폴리에틸렌(HDPE),3685461
저밀도폴리에틸렌(LDPE),3834218
폴리스티렌(PS),1628435
ABS수지,3660810
PVC수지,1762290
폴리프로필렌(PP),8358268
에폭시수지,1580704
실리콘수지,982677
불포화폴리에스터수지,589627
선형폴리에스터수지,1196812
아크릴수지(PMMA),723501
요소수지,63118
멜라민수지,88463
페놀수지,179868
폴리우레탄,751933
엔지니어링플라스틱수지,4316400
석유수지,X
PETG수지,X
셀룰로스 에테르,X
K-RESIN,X
폴리에틸렌테레프탈레이트(PET),649639
기타 합성수지,1618312
구입한 수지의 배합물,1300368
재생수지,922034
질산,139783
암모니아,350596
요소,X
황산암모늄,X
기타 질소비료,25958
인산비료,X
기타 칼륨비료,X
복합비료,903699
기타 화학비료,56963
유기질비료,608852
기타비료,146932
가정용 화학 살균 및 살충제,287078
화학 살충제(농업용),517849
화학 살균제(농업용),400032
화학 제초제(농업용),214443
화학 생장조절제,21129
"기타 화학 살균, 살충제 및 농업용 약제",45919
가정용 생물 살균 및 살충제,21534
생물 살충체(농업용),32465
생물 살균제(농업용),17226
생물 제초제(농업용),X
식물보호제,X
"기타 생물 살균, 살충제 및 식물보호제",10574
유성 페인트,1845622
수성 페인트,227102
에나멜페인트,97732
락카,84045
우레탄도료,367169
아크릴도료,434899
에폭시도료,336161
기타 합성수지 도료,409140
도료충전제,231299
EMC(에폭시몰딩컴파운드),236646
시너(Thinner),241764
기타 도료 및 관련제품,227354
요업용 도포제,100295
옵셋 잉크,293187
그라비아 잉크,275019
디지털 잉크,87158
기타 잉크,80885
그림물감,32016
유기계면활성제,1445781
조제계면활성제,283442
화장 비누,261817
세탁 비누,23537
공업용 비누,X
세탁용 합성세제,598535
주방용 합성세제,317337
기타 세제,94461
치약,217358
글리세린,39243
화운데이션,771377
크림,2526039
로션 및 오일,4682341
루즈,263238
볼터치,52114
아이세도우,422987
샴푸,526430
린스,34492
염색약,121365
기타 두발용조제품,253553
파우다,163036
향수,23197
화장수,620502
콜롱,X
매니큐어 및 제거제,31448
헤어스프레이 및 무스,6483
기타 화장품,1932634
실내용 가향제,113794
왁스,84910
구두약,3250
기타 광택제,59534
PS인쇄판,81124
"사진용 감광성 필름, 판 및 종이",469755
토너 및 토너카트리지,43922
사진용 화학물질,204524
가공 및 정제염,84491
천연 접착제,203023
합성수지 접착제,1725647
젤라틴,166150
화약 및 폭약,360602
도화선 및 뇌관(화약용),83905
폭죽 및 조명탄,22074
바이오 디젤,813149
바이오 에탄올,X
기타 바이오 연료 및 혼합물,29314
방향유,164394
반도체용 식각제,2324877
PR(포토레지스터),1376797
액정(liquid crystal),505364
기타 전자공업용 화학화합물,439352
자동차용 화합물,476430
콘크리트경화제,505152
필기용 잉크,25681
조제윤활제,204020
미생물 배양제,94090
가황촉진제,63200
산화방지제(고무·플라스틱용),611893
금속표면처리용 화합물,1297373
발포 및 소포제,185011
방수액,197717
활성탄,90607
제올라이트,44803
수처리제,315077
휴대용 연료,X
리튬코발트산화물,712733
부동액,X
자동차촉매,1635243
안정제(고무·플라스틱용),467159
기타 화학제품,1302057
폴리아미드섬유,1088323
폴리에스터섬유,1770871
스판덱스섬유,282384
아크릴릭섬유,X
기타 합성스테이플섬유,X
아세테이트섬유,X
재생장섬유토우,40151
기타 재생섬유,61393
의료용 물질 및 의약품 제조업,21441408
의약품 원료,2065138
백신,372262
기타 생물학적 제제,581348
의약품제제,16290942
한의약품,509801
동물용 약제품,563406
"탈지면, 거즈, 붕대 및 유사제품",320490
진단용 시약(의료용),503030
기타 의약관련제품,234991
고무 및 플라스틱제품 제조업,67789616
승용차타이어,5793611
버스 및 화물차 타이어,427436
모터사이클타이어,X
기타 자동차 타이어,49588
자동차 튜브,190898
자전거 타이어,X
기타 비동력식 차량의 타이어 및 튜브,X
타이어 및 튜브 부속품,112934
재생 타이어,59479
고무패킹,1782204
재생고무,44780
배합고무,562018
방진고무,1260307
공업용 고무롤,99476
공업용 고무판,104107
고무 관 및 파이프,125351
고무호스,883992
고무벨트,270306
고무직물,X
기타 산업용 고무제품,341814
고무 장갑,79916
피임용 기구(고무제),X
고무젖꼭지,6640
기타 위생용 고무제품,50487
고무 매트,294551
고무 보트,28420
고무줄 및 밴드,55091
고무 자석,5602
고무스펀지 및 발포성제품,300453
기타 고무제품,107625
플라스틱 프로파일,328939
플라스틱 샤시바,641615
플라스틱 파이프,1171886
플라스틱 호스,292158
플라스틱 연결구류,409173
폴리에틸렌(PE)필름,2025344
폴리프로필렌(PP)필름,867247
폴리에스터(PET)필름,2253514
플라스틱필름(포장용),1269712
폴리염화비닐(PVC)필름,766216
폴리스티렌(PS)필름,64371
플라스틱필름(포장용 제외),1307910
플라스틱 시트 및 판(포장용),1232153
플라스틱 시트 및 판(포장용 제외),650182
합성피혁,773314
플라스틱장판,460250
플라스틱벽지,44573
플라스틱 타일,1082775
설치용 및 위생용 플라스틱제품,980870
플라스틱 창문 및 문,1497072
기타 건축용 플라스틱 조립제품,617043
플라스틱 봉투,1837560
플라스틱 병,1959148
플라스틱 뚜껑,676421
기타 플라스틱 포장용기,3800222
운송장비용 플라스틱제품,12235144
Key Pad,208550
핸드폰케이스,728560
전기 및 전자기기용 플라스틱제품,2586071
기타 기계용 플라스틱제품,1142603
폴리스티렌 발포제품,2562737
우레탄 발포제품,1225190
기타 플라스틱 발포제품,173401
접착테이프,2945415
플라스틱 적층품,1516884
플라스틱 주방용품,835907
가구용 플라스틱제품,180876
오토바이용 헬멧,140723
플라스틱 헬멧,107130
플라스틱 사무 및 문구용품,117707
플라스틱 자석,17662
기타 플라스틱 제품,921368
비금속 광물제품 제조업,34026717
판유리,567631
차량용 안전유리,741926
건축용 안전유리,567983
차량용 거울,637998
유리거울(차량용 제외),54975
복층절연유리,344591
기타 판유리 가공품,295592
유리장섬유,156557
유리단섬유,157492
유리섬유 제품(직물제외),332063
기타 1차 유리제품,19165
브라운관용 유리,X
LCD용 유리,2873030
OLED용 유리,306113
투명전도막 코팅유리,92007
태양전지용 유리,4228
PDP용 유리,X
전등용 유리,12439
기타 산업용 유리제품,73694
가정용 유리제품,110260
일반 유리용기,664485
실험실용 및 약물 포장용 유리용기,140612
기타 유리제품,7301
내화벽돌 및 블록,396973
내화타일,49684
내화도가니,X
기타 정형 내화 요업제품,101984
내화시멘트,192761
기타 부정형 내화 요업제품,409606
토기제품,5697
가정용 도자기,90773
장식용 도자기,X
세면기,57273
변기,83276
욕조,22697
기타 위생도기제품,27280
전기용 도자기,192431
세라믹제 및 페라이트 자석,149932
페라이트 코아(철심),113738
기타 산업용 도자기,35107
도자기 제조용 분말,25220
기타 일반도자기,X
점토벽돌,167511
점토기와,22345
점토타일,273743
건축용 비내화 요업제품,6340
기타 건축용 비내화 요업제품,X
시멘트 클링커,417947
보통 포틀랜드시멘트,1476403
백색시멘트,83387
기타 포틀랜드 시멘트,801966
알루미나시멘트,X
고로슬래그시멘트,749366
기타 수경성 시멘트,51665
생석회,534939
소석회,68530
기타 석회,24101
플라스터,29103
비내화 모르타르,677354
레미콘,9693526
석고보드,489063
기타 석고 제품,31977
콘크리트 블록,697811
콘크리트 벽돌,96587
콘크리트 타일,66638
콘크리트 기와,12334
인조대리석,939817
콘크리트 벽면,219718
조립식 건축자재(콘크리트제),301911
콘크리트 파일,537708
콘크리트 전주,167478
흄관 및 VR관,176933
기타 콘크리트관,612222
기타 조립구조재,192247
"기타 콘크리트, 시멘트제품",75601
건설용 석제품,278362
착색 가공석제품(건설용),33342
기념석,20410
건물석,24277
포장석,X
기타 석재 가공품,43055
아스팔트 콘크리트 및 혼합제품,1274044
연마휠,61236
연마석,134463
연마지 및 포,386010
활석분,122160
규석분,79676
기타 비금속광물 분쇄물,473522
브레이크라이닝,9459
암면 및 유사제품,416066
탄소섬유,264139
아스팔트성형제품,94878
흑연 및 탄소제품(비전기용),116632
석면제품,65058
인공골재,87936
모래주형(중자포함),128485
기타 비금속광물제품,56981
1차 금속 제조업,135407612
제강용선철,X
주물용선철,104026
제철소 부산물,383051
슬래브,741216
블룸 및 쉬트바,X
빌렛,505566
강괴,X
망간철,X
합금철(페로얼로이),2263027
철분(철분쇄물),185123
봉강(보통강),1141042
봉강(특수강),1799625
봉강(스테인리스강),1533525
일반철근,4362398
고장력철근,1959807
선재(보통강),730000
선재(특수강),2516070
선재(스테인리스강),X
형강(보통강),2447259
형강(특수강),1760531
"중후판(두께 3mm이상, 스테인리스제 제외)",7120238
열연광폭강대(스테인리스제 제외),X
스테인리스 중후판 및 열연강판,4817722
기타 열연강판(스테인리스제 제외),6264318
중궤조,X
경궤조,X
기타 궤조 및 철도선로자재,X
냉연 봉강 및 냉연 형강,449855
냉연광폭강대(스테인리스제 제외),4449875
냉연협폭강대(스테인리스제 제외),309765
냉연박판(스테인리스제 제외),59346
냉연전기강판(스테인리스제 제외),46055
스테인리스 냉연강판,3283411
기타 냉연강판(스테인리스제 제외),3194419
보통 철선,472105
경강선 및 피아노선,522574
PＣ강선,307231
냉간압조용 강선(CHQ),771961
스테인리스강선,503348
아연도 강선,341795
타이어보강 강선,390385
기타도금 강선,30849
주철관(주조한 것),375865
주철제 관연결구류,182306
용접강관,4163671
무계목강관,431439
기타 강관,131966
강관 가공품,3697702
강관 연결구류,2227351
아연도강판,8901769
주석도금강판,704398
갈바륨강판,1379641
크롬도금강판,80748
알루미늄도금강판,1130828
기타 도금강판,274440
칼라강판,2241046
도금 강관 및 피복 강관,515332
기타 도금 및 피복처리 강재,97356
철강 절단품(구입한 강재 절단),7501113
동1차정련품,4920792
동 2차정련품,950405
알루미나,362158
알루미늄 1차정련품,1794893
알루미늄 2차정련품,1516765
연 1차정련품,1613381
연 2차정련품,602667
아연 1차정련품,3051810
아연 2차정련품,215807
금괴,2918928
은괴,1774938
기타 귀금속 1차정련품,104893
귀금속 2차정련품,178803
니켈괴,X
주석괴,10052
기타 비철금속 1차정련품,618865
기타 비철금속 2차정련품,169355
동봉,903707
나동선,3209802
동판,1319736
동박(두께 0.15 ㎜ 이하),580982
동관,1119855
동제의 관연결구류,437582
알루미늄 봉(압연에 의한 것),313015
알루미늄 새시바(압출에 의한 것),2064053
알루미늄 선,300372
알루미늄 판,3153574
알루미늄박(두께 0.2 ㎜ 이하),610388
알루미늄 관,429748
알루미늄제  관연결구류,52307
"니켈 압연,압출 및 연신제품",X
"연(납) 압연,압출 및 연신제품",214818
"아연 압연,압출 및 연신제품",124443
"주석 압연,압출 및 연신제품",52177
텅스텐(중석) 압연 및 압출 제품,187657
귀금속 압연 및 압출 제품,150812
세금선,X
기타 비철금속 압연 및 압출제품,241293
동 분말,166577
알루미늄 분말,X
아연 분말,X
텅스텐분말,X
기타 비철금속 분말,125206
기타 １차 비철금속제품,162244
회주물(보통주철),2546602
가단주물,90764
구상흑연주물(덕타일 주물),213882
보통강 주물,787801
특수강 주물(합금강주물),411301
알루미늄 주물,1108101
동 주물,258063
기타 비철금속 주물,587265
금속 가공제품 제조업; 기계 및 가구 제외,71323007
건물용철문,440541
셔터문,113252
기타 금속제 문,652862
금속제 창문,1181185
건축용 금속 공작물,2153248
판금제품,3147137
육상 금속 구조물,5317040
교량,426596
철제수문,93287
기타 육상 금속 골조 구조제조재,647403
수상 금속 구조물,4761653
금속제 조립식 건축물,450884
금속제 조립식 건축물용 판넬,1613115
스티로폼 샌드위치패널,149119
우레탄폼 샌드위치패널,52933
그라스울 샌드위치패널,43298
기타 샌드위치패널,23172
산업용 온수보일러,537390
방열기,169869
산업용 온수보일러 및 방열기의 부품,39415
저장용 금속탱크,1961752
압축 및 액화 가스용기,743144
수관보일러,455261
연관보일러,61817
기타 산업용 보일러,2798086
보일러 부속품 및 부품,146878
원자로의 부품,27103
군사용 무기 및 부품,5676624
비군사용 총기류,30238
가스총,X
기타 비군사용 무기 및 부품,9048
분말야금제품,418595
보통강 단조물,1342194
특수강 단조물,1071204
기타 철강 단조물,587837
스테인리스 단조물,154749
알루미늄단조물,146367
동단조물,27111
기타 비철금속 단조물,74800
자동차용 프레스 가공품,4303065
가정용 압형제품(알루미늄제),309534
가정용 압형제품(스테인리스제),786316
기타 프레스 가공품,922771
금속 열처리 제품,949473
절삭가공,5835613
기타 금속처리 제품,775437
금속제 식탁용품(식기제외),50503
칼 및 칼날(식탁용 나이프 제외),64314
면도기 및 면도날,X
가위,20220
손톱 및 발톱 깍기,52678
건물용 철물,665224
가구용 철물,301747
자동차용 철물,1193921
디지털 도어록,359918
"자물쇠, 열쇠 및 관련 부품(자동차용 제외)",49204
캐스터(소형바퀴),83797
가방 부착용 철물,21815
커튼 및 블라인드 부품,12604
기타 일반철물,268605
드라이버,X
스패너 및 렌치,11966
기타 작업용 수공구,98097
농업용 수공구,8122
드릴,41587
햄머,X
기타 수공구,31172
톱(수동식),57566
톱날,121442
공작기계용 절삭공구,2206006
기타 공작기계용 부속물,114399
볼트 및 너트류(금속제),3609878
쇠못,86688
나사못(금속제),389621
리베트(금속제),33414
와셔(금속제),115558
기타 금속파스너,60809
코일스프링,768189
잎(판상)스프링,102638
기타 금속스프링,218396
철망,661147
와이어로프,710720
체인(동력전달용 제외),49727
기타 철선조립제품,82939
스틸캔(음식료품용),461028
알루미늄캔(음식료품용),610275
에어로졸캔,361901
드럼통,565276
금속 튜브용기,100145
기타 금속포장용기,682388
병마개,209686
알루미늄제 주방 및 식탁용품,548996
스텐레스 주방 및 식탁용품,300224
법랑제 주방 및 식탁용품,10573
기타 금속제 주방 및 식탁용품,36823
싱크상판,157667
기타 금속 위생용품,86540
금속표시판,293593
용접봉,882202
금속제 액자틀,X
기타 금속제 장식용품,125435
이동식 금속 사다리 및 부품,36812
"선박용 프로펠러, 날 및 닻",238752
금속제 파킹 및 가스켓,202805
기타 조립금속제품,273459
금속제 영구자석 제조,121166
바늘,61568
금고,119641
금고 부품,9039
기타 분류안된 금속가공제품,153180
"전자 부품, 컴퓨터, 영상, 음향 및 통신장비 제조업",250753678
D RAM,60266604
S RAM,X
Flash 메모리 (모듈포함),12158353
기타 반도체 메모리,24285206
스탠다드로직,X
ASIC 로직,1764699
마이크로 콤퍼넌트,92234
바이폴라 IＣ,364104
기타 모노리식 디지털 집적회로,31193
아날로그 집적회로,62775
하이브리드 집적회로,47724
기타 혼성 집적회로,101150
극소형 조립회로,3880760
CMOS이미지센서,2998098
D D I,3507816
전자집적회로 부분품,1056537
LED(OLED),6063468
트랜지스터,569225
다이오드,272478
감광성 반도체소자,176636
압전소자,X
수정진동자,13418
반도체웨이퍼,2660787
LED 에피칩,X
기타 반도체개별소자,294864
태양광웨이퍼,X
태양전지,498526
기타 반도체소자 부품,1811699
노트북용LCD,5658540
TV용 LCD,13562961
모니터용 LCD,5290599
기타 LCD,3607728
LCD용 컬러 필터,143647
LCD용 백라이트 유니트(BLU),816992
진공형광관,X
LCD편광필름,4354258
기타 액정표시장치 부품,604667
OLED 패널,17600954
PDP,6655
터치스크린 패널,341258
기타 평판디스플레이 판넬,48612
기타 평판 디스플레이 부품,620768
PDP필터,X
페놀동박적층판,566142
에폭시동박적층판,1198421
기타 인쇄회로원판,577789
페놀인쇄회로기판,1260673
에폭시인쇄회로기판,3619047
연성 및 기타인쇄회로기판,2275271
전자부품 실장기판,1776571
탄탈륨 축전기,X
알미늄 전해축전기,232595
세라믹 유전체의 고정축전기,1616826
종이 및 플라스틱 고정축전기,17114
기타 고정식축전기,X
전자회로용 가변식 축전기,46730
전기고압용 축전기(>=0.5KW),56876
축전기 부품,194423
탄소피막형 고정저항기,46560
칩형 고정저항기,14530
기타 고정저항기,7634
탄소 가변저항기,X
서미스터,107845
바리스터,164950
기타 가변저항기,X
저항기 부품,54975
마그네틱 스트라이프를 자장한 카드,62464
스마트 카드,338278
전자부품용 변성기,190617
전자유도 코일 및 쵸크,330347
기타 전자유도자,110468
전자코일 및 인덕터의 부품,55134
센서,1262699
자동차용 센서,1032701
컬러TV용 음극선관,X
기타 음극선관,X
자전관,16973
기타전자관,9048
PCM(색순도집속장치),X
기타 전자관 부품,43801
그래픽 카드,X
멀티미디어카드,X
컴퓨터용 모뎀카드(PC용),X
기타 전자접속 카드,X
리드프레임,725039
표시기,206556
편향코일,X
전자총,X
새도우마스크,X
포토마스크(Photomask),690417
기타 전자 부품,795454
중대형 컴퓨터,348626
데스크탑 PC,432069
노트북,33516
PDA(휴대용 정보단말기),129603
태블릿PC,710435
기타 휴대용 컴퓨터,X
기타 컴퓨터,107644
하드디스크 드라이브,42277
광디스크 드라이브,X
휴대용 저장장치,62496
SSD(solid state drive),X
기타 기억장치,8223
자기헤드(컴퓨터용),X
기억장치 부품,24744
액정 모니터(컴퓨터용),879261
임팩트 프린터(충격식),55053
레이저 프린터,259344
잉크젯 프린터,59186
기타 비충격식 프린터,X
컴퓨터 프린터 부품,84578
키보드,57814
마우스,1001
스캐너류,129251
기타 입력장치,195840
기타 출력장치(컴퓨터용),X
컴퓨터 단말기,37833
주기판,41310
PC 카메라,X
컴퓨터 케이스,32000
기타 컴퓨터용 보드,8547
기타 컴퓨터 주변기기,28914
컴퓨터주변기기 전용부품(기억장치부품제외),260308
일반 전화기,44882
코드없는 전화기세트,X
영상 전화기,21681
기타 유선전화기,86303
기간통신사업용 교환기,41689
사설 교환기,X
기타 유선 교환기,8431
반송장치(아날로그식),15078
반송장치(디지털),197697
디지털 다중화장치,61978
신호변환기,200492
"광전송 장비(다중계기, 분배기)",381884
중앙통제실 송신용 칩입 및 화재경보 시스템 제조,77223
팩시밀리,X
라우터 및 게이트웨이,53768
허브 및 네트웍관련 스위치,22387
음성자동응답기,X
비디오도어폰,179609
인터폰,51279
홈네트워크 장비,47530
기타 유선통신기기,35975
유선 전화기 부품,X
교환기 부품,31880
반송기기 부품,29451
광통신기기 부품,714957
기타 유선 통신기기 부품,43499
방송용 증폭기,195792
방송용 음향관련 기기,137912
방송용 영상관련 기기,101136
케이블TV 수신자용 컨버터,13416
케이블TV 수신자용 기기,35863
위성방송 수신용 안테나,200220
위성방송 수신기,1304007
지상파방송 송수신기,X
유선방송 송수신기,93674
기타 TV송수신기,X
라디오송신기,X
DMB 송수신 기기,35464
기타 송신관련 기기,8417
폐쇄회로 카메라,2234106
기타 방송국용 기기,27315
방송국용 기기의 부분품,49896
휴대용 전화기,16586774
휴대용전화기 KD세트,X
휴대폰용 카메라모듈,6754134
기타 휴대용 전화기 부품,1003162
주파수 공용통신 단말기,57996
무선 호출기,27015
무전기,184262
WiBro 단말기,X
기타 무선 통신전화기,X
무선통신용 교환기,76660
무선통신 기지국용 송수신기,868881
무선통신용 중계기(릴레이),629435
안테나시스템,482619
RFID(전자테그),162062
WiBro 중계기,20937
기타 무선통신 시스템,134714
기타 무선통신기기,154589
SAW Filter(표면탄성파 필터),295973
무선통신 단말기의 부품,365166
무선통신기기의 부품,195379
FPD TV,3760976
기타 TV,50276
텔레비전의 부품,323899
영상모니터,481002
비디오테이프 녹화재생기,X
레이저디스크 플레이어 및 DVD 플레이어,94494
캠코더,X
DVR,128414
외장형 DMB 튜너 (PC 장착용),X
외장형 DMB 튜너 (자동차 장착용),204964
안테나,322738
비디오용 헤드드럼,X
가정용 오디오,X
차량용 오디오,409340
MP3 Player,X
어학실습기,X
녹음기 및 녹음재생기,20235
노래반주기,103149
기타 음향 녹음 또는 재생기기,X
"라디오, 녹음 및 재생기기의 부품",38409
스피커,345635
기기용 앰프셋트,94360
오디오용 튜너,X
이퀄라이저,X
픽업,X
마이크로폰과 그 스탠드,58246
헤드폰,55981
자동차용음향증폭기,X
이어폰,115799
기타 음향관련 기기,12285
음향기기용 자기헤드,X
음향기기의 전용부품,119522
자기 및 광 디스크,7644
"의료, 정밀, 광학 기기 및 시계 제조업",25844056
의료용 방사선 장치,751183
산업용 방사선장치,84416
방사선 기타 장치,X
방사선장치의 부품,137497
심전계,44035
초음파진단기,958566
전자혈압계,5717
기타 전기 및 전자식 진단용기기,314957
광선치료기,453047
환자감시장치,20574
기타 전기식 치료 및 요법기기,120903
전기·전자식 진단 및 요법기기 부품,87685
치과용 기기,249149
치과기공소용 기기,33935
치과 및 치과기공소용 기기의 부품,26056
보청기,22075
치과용 임플란트,630813
치과기공소의 제품,379036
인공신체,59641
정형외과용 기기,202585
정형외과용 기기 및 보청기 부품,40965
선글라스,9710
기타 안경,29932
안경용 렌즈,194898
콘택트렌즈,310712
안경테,111328
기타 안경 부품,79411
치과용 의자,66930
병원침대,110394
이·미용실 의자,X
기타 의료용 가구,82928
주사기 및 수혈세트,467424
살균기(의료 및 실험실용),108352
산소호흡기,67410
기타 호흡관련 의료기기,82474
기타 의료용 기기,698751
기타 의료기기 부품,430739
측량기기,419125
GPS 시스템,188525
리모콘,169149
텔레매틱스 단말기,X
내비게이션,3195451
레이더기기,449615
조타기,16691
기타 항해용 기기,401348
측량기 및 항해용 무선기기의 부품,46255
오실로스코프 및 오실로그래프,X
전자계측기,450040
기타 전기량 측정 및 검사용기기,155162
전기량측정 및 검사용기기의 부품,142863
액면계,115631
압력계,126057
공해계측기,282817
온도계,21210
재료시험기,254332
열측정 및 풍력계기,104333
액체비중계,X
반도체 검사장비,2196781
기타 물질 측정 및 검사기기,808502
물질 검사·측정 및 분석기구의 부품,605357
가스공급계기,108278
수도미터,111421
기타 기체 및 액체공급계기,4084
전기공급계기,268270
속도계,485587
기타 적산계기,97266
속도계 및 적산계기 및 부품,101451
온도 자동조절장치(공업용 제외),260613
기타 자동조절기,177434
자동조절기(공업용 제외)의 부품,74469
온도자동제어장치,976916
산업용온도조절기,516217
기타 산업처리공정 제어장비,1447358
공업계기의 부품,151907
도안 및 제도기구,66432
"기타 측정, 시험, 항해 및 정밀기기 및 부품",172117
광섬유,1637
광학렌즈,945843
광학필터,75509
편광재료용 판,X
BLU용 광학필름,992583
기타 광학요소 관련품,29947
디지털 카메라,X
기타 사진기,34795
투영기,7897
사진섬광기구,X
기타 사진관련 기기,X
영화관련 기기,33685
"사진기, 영사기 및 관련장비의 부품",231795
쌍안경 및 천문관측기기,62638
광학현미경,81749
기타 광학기기,274756
레이저발생기기,55463
기타 광학기기의 부품,233309
휴대용 시계,30656
벽시계 및 탁상시계,14170
기타 시계,4184
시계케이스,X
시계줄(금속제),X
기타 시계부품,12772
전기장비 제조업,82516438
소형 전동기,2377079
중대형 직류 및 교류겸용 전동기,1340354
중대형 교류전동기,249205
발전기,628249
발전기세트,124987
회전위상변환기,95160
태양광모듈,2444795
태양광발전시스템,359435
발전플랜트,247543
"전동기, 발전기 및 발전기 세트의 부품",925676
송배전변압기,1091341
발전변압기,44005
특수목적용 변압기,171527
산업용 일반변압기,981470
전압조정기,16149
변압기 부품,297316
형광등용 안정기,122506
형광등용 안정기의 부품,12050
에너지 저장장치(ESS),219830
정류기,645100
인버터,726669
어댑터,101260
통신 및 컴퓨터용 전원장치,289525
무정전 전원장치,536310
배터리 충전기,422868
핸즈프리,X
배터리팩,230517
기타 정지형 변환기,89296
정지형 변환기의 부품,130531
고압 차단기(1000v 이상),1006593
배선용 차단기(1000v 미만),961289
기타 저압 차단기(1000v 미만),279632
퓨즈,60308
스위치(전기개폐용),1794757
계전기,214355
기타 개폐 및 보호관련 기기,186545
"전기회로 개폐, 보호 장치 부품",341282
플러그(전기접속용),93814
콘센트,212485
커넥터(일반전기접속용),2372215
전등용 소켓,35866
기타 전기 접속기기,235307
전자 커넥터(통신 및 전자기기회로용),1377174
전기회로 접속장치 부품,237406
저압배전반(전압1000v 미만),1338918
고압배전반(전압1000v 이상),1629464
수치제어장치,356945
자동전기제어반,2033890
프로그램 콘트롤러,629900
배전반 부품,342396
일차전지,370287
일차전지 부품,23889
차량용 납(연)축전지,6735206
기타 납(연)축전지,84106
알칼리 축전지,8885754
축전지 부품,3048418
광섬유 케이블,664065
전력선(송배전용),3665206
통신선,961422
신호 및 제어선,371000
절연전선(옥내외 저압 배선용),1711645
권선(마그네틱선),814876
기타 전선,657580
절연코드 및 코드세트,1204124
백열 전구,9019
할로겐 전구,58272
기타 필라멘트 전구,X
형광등(램프),70493
기타 방전램프,14192
LED 전등,1126566
기타 전구 및 램프,36398
전구 및 램프 부품,105994
자전거 및 차량용 조명기구,2656615
"선박, 철도차량, 항공기 및 오토바이용 조명기구",137588
차량용 조명 및 전기장치의 부품,1294037
가정용 고정식 조명장치,640601
가정용 이동식 조명기구,61167
산업용 조명장치,400728
옥외용 조명장치,389815
조명장치 부분품,182245
전기식 간판,529939
장식용 조명세트,18168
전시 및 광고용 조명장치 부품,169145
휴대용 전등기구,16233
기타 비전기식 조명장치,30506
기타 조명장치 부품,22022
가정용 전자레인지,22385
가정용 전기 밥솥,439112
전기 후라이팬,30928
전자 오븐,35782
전기레인지,157426
기타 전기식 조리기기,40189
소형냉장고(200ℓ 이하),X
중형냉장고(201ℓ ~ 400ℓ 이하),X
대형냉장고(401ℓ 이상),1968228
김치냉장고,875603
가정용 전기믹서기,192720
가정용 식기 세척기,518078
가정용 전기식 식기 건조기,46098
렌지후드,140885
기타 주방용 전기기기,48416
주방용 전기기기 부품,405160
전기담요 및 장판,142776
전기 난로,24123
전기보일러,16378
전기온수기,78962
가정용 온풍기,16641
기타 가정용 전기식 난방기기,47137
가정용 전기식 난방기기의 부품,96310
전기 면도기,X
전기 안마기,233052
전기식 헤어드라이어,47763
전기 이발기,5735
기타 전기식 이미용기구,262906
가정용 세탁기,1046471
의류 건조기,1026413
가정용 선풍기,102986
가정용 환풍기,77111
가정용 가습기,7371
가정용 전기청소기,451339
전기비데,277792
기타 가정용 전기기기,173279
기타 가정용 전기기기 부품,1103176
가정용 기름 보일러,89457
가정용 가스 보일러,864955
석유 난로,X
가스 난로,X
기타  가정용 난방기기,85532
가스레인지,217944
가스오븐레인지,572255
가정용 비전기식 휴대용 조리기기,51987
기타 비전기식 가정용 조리기기,9346
가정용 비전기식 조리 및 난방기기의 부품,153498
"도난, 화재 및 유사 경보기(차량용 제외)",397062
차량용 도난 및 화재 경보기,24679
기타 신호장치,56813
전기경보 및 신호장치 부품,86521
전기 애자 및 절연용 물품,111877
탄소전극 및 흑연전극,229579
카본부러쉬,75974
기타 전기용 탄소제품,28438
전기식 교통 통제장비,189726
전기식 교통통제장비의 부품,X
내연기관용 전기장치(자동차용 제외),85169
전자석 및 영구자석의 제품,80941
아크 용접기,91473
저항 용접기,100421
기타 전기용접기,18101
연료전지,236556
신호 발생기,3364
오존 발생기,22174
이온 정수기,30507
전기도금 및 전기분해용 기기,65746
초음파 세척기,55428
기타 전기장비,156471
기타 전기장비의 부품,67121
기타 기계 및 장비 제조업,116727647
선박용 내연기관,2834282
기계용 내연기관,1034194
내연기관 부품(차량 및 항공기용 제외),1463658
터빈,87807
터빈 부품,119527
유압실린더 및 유압시스템,1590344
공압실린더 및 공압액츄에이터,290348
유압 펌프,733738
기압식 기체펌프 및 압축기,111239
기타 유압기기,102440
유압기기 부품,623202
산업용 액체펌프,1230325
가정용 펌프,162417
급유 및 계기용 펌프,206904
액체펌프의 부품,108207
진공 펌프,744933
냉매 압축기(차량용 제외),918949
차량 에어컨용 압축기,1155763
산업용 공기압축기,616513
기타 기체펌프 및 압축기,76283
기체 펌프 및 압축기 부품,105416
감압 밸브,272846
유압 및 공기압전송용 밸브,1126631
체크 밸브,240935
안전 밸브,297915
수전,783066
볼 및 플러그밸브,373369
자동조절 및 원격조절밸브,665491
기타 밸브,310122
"탭, 밸브의 부품",596108
볼 베어링,1693571
원추형 롤러베어링,235674
지구베어링,163304
기타 베어링,283718
베어링 부품,299114
변속기,666393
기어 및 기어링,612552
체인(동력전달용),181589
플레인베어링,212450
기타 기계식 동력전달장치,87134
기계식 동력전달장치 부품,152348
공업용로,488011
소각로,412936
전기로,265125
로 부속품 및 부품,180892
포크리프트 트럭(지게차),1264958
기타 산업용 트럭 및 적재기,17789
산업용 트럭 및 적재기 부품,321396
엘리베이터,2476917
에스컬레이터,X
리프트기기,121891
주차기,291846
승강기류 부품,713781
컨베이어,2356334
자동창고시스템,184698
컨베이장치류 부품,169467
호이스트,211358
물품취급용 크레인,549609
윈치 및 캡스턴,63577
기타 물품취급장비,135612
물품취급장비 부품,94013
산업 및 상업용 냉장고,607202
산업용 냉동기,796327
냉각탑,134338
냉동，냉장 쇼케이스,377378
기타 냉동장비,29827
산업용 냉장 및 냉동장비의 부품,755743
룸에어컨,322972
패키지에어컨,953740
차량용 에어컨,2378995
시스템에어컨,2009103
에어핸드링유니트,314364
팬코일유니트,96953
항온항습기,410390
기타 공기조화장치,286446
공기조절장치 부품,2083342
송풍기(산업용),1008087
송풍기(산업용) 부품,136679
공기청정기,1156571
차량용 공기청정기,106211
집진기,398225
기타 기체 여과기 및 청정기,294682
기체 여과기 및 청정기 부품,666198
정수기,853549
상하수정화장비,508442
연수기,X
기타 액체여과기,176008
액체 여과기 부품,906124
열교환기,2167499
증류기 및 가스발생기,143712
증류기 및 열교환기의 부품,215325
복사기,14348
현금자동지급기(CD),94575
자동거래단말기(ATM),421268
금전등록기,144523
동전 및 화폐 처리기,148088
표권 발행기,47261
전자수첩,X
신용카드조회기,55912
기타 계산 관련기기,37448
우편물취급기기,8484
문서 펀칭기(사무용) 및 스테이플러,9707
문서 및 그림 코팅기(사무용),77943
기타 사무용 기계,44739
복사기 전용부품,70204
계산관련 기기의 전용부품,25154
사무기기의  전용부품,13546
산업용 저울,55358
가정 및 상업용 저울,58212
저울 부품,X
병，용기의 세척기,X
충전기(포장겸용),256795
포장기,594771
포장기 및 용기세척기 부품,38542
소화기,275825
스프링쿨러,82676
분사기,112123
소화장비 및 분사기 부품,194567
수지식 동력연삭기,120673
기타 수지식 동력 공구,66553
수지식 동력공구 부품,74606
자동판매기 및 화폐교환기,68509
가스 용접기 및 절단기,76692
기타 용접기,30239
원심분리기,160968
산업용 접시 세척기,65619
기타 일반목적용 기계,395063
자동판매기 및 화폐교환기 부품,11250
기타 일반목적용기계 부품,492811
경운기,75482
농업용 트랙터,1208056
쟁기,15645
기타 경지정리용 기계,118546
농업용 분무기,119770
이앙기,136764
기타 재배관련기기,90133
콤바인(농업용),156031
농업용 건조기,86403
기타 수확관련 기계,77988
사료가공 기계(농업용),77247
기타 축산기계,110391
기타 농업용기계,95474
농업용 기계 부품,611639
레이저 가공기,368261
방전가공기,76357
기타 전자응용 절삭기계,56185
전자응용 가공 절삭기계의 부품,78897
디지털 적층 성형기계,99219
디지털 적층 성형기계 부품,10439
머시닝 센터,1473320
전용기,670058
수치제어식 선반,1237708
범용 선반,31680
드릴링기,22033
보링기,118966
밀링기,35473
탭핑기,X
연삭기,88614
기어절삭기,9708
톱기계(금속용),20254
기타 금속절삭가공기계,109880
금속절삭가공기계의 부품,293853
액압 프레스,33283
기계 프레스,513146
금속 절곡기,127772
금속 전단기,36822
펀칭기,16206
금속 단조기,14716
금속 인발기,9603
나사 전조기,102748
금속선 가공기,45504
기타 금속성형기계,67484
금속성형기계의 부품,55565
목공기계,39451
기타 공작기계,243295
"다이, 지그 및 공작기계 부착물",974123
목공기계 부품,X
기타 공작기계 부품,47146
주물주조기계,196044
금속 압연기,61064
압연기 롤,117173
기타 금속주조 및 압연기 부품,67393
굴삭기,4663236
토공기계,118265
건설용 크레인,118182
콘크리트믹서,68684
콘크리트 펌프카,225362
도로포장 기계,44659
기초공사기계,38223
로더 및 불도저,401489
기타 건설용 트랙터,X
기타 건설용 기계,99427
무한궤도,55404
건설용 기계 부품,2940779
"광물용 파쇄, 마쇄 및 선별기",255998
기타 광산 기계,14422
콘크리트제품 제조기,39871
기타 광물제조장비,9717
광물처리장비 부품,23209
낙농품 가공기계,45421
정미기,68012
기타 곡물가공기계,10705
육류가공기계,124230
기타 공장용 음식료품 제조기계,204170
제빵용기계,77153
기타 상점용 음식료품 조리기계,70062
음식료품 및담배 가공기계 부품,19786
업소용 세탁관련기기,20981
염색기,26316
기타 섬유 마무리 가공기계,130948
공업용 재봉기,54173
연사기,X
방적기,79190
기타 화학섬유 및 방적기,23028
직기,10854
편직기,51061
자동 자수기,X
기타 특수 직기,9872
가죽 및 신발제조 기계,38282
스핀들,8845
재봉기 부품,15520
"기타 섬유, 의복, 가죽 가공기계 부품",17127
웨이퍼 가공 장비,2558494
반도체 조립 장비,3797985
칩마운터,477277
태양전지 제조장비,46123
기타 반도체 제조 장비,2702789
반도체제조 장비 부품,4022595
평판디스플레이 제조용 기계,5636262
평판디스플레이 제조용기계 부품,455039
용접용로봇,229536
도장용로봇,74592
조립용로봇,604885
기타 산업용 로봇,403850
산업용 로봇 부품,674453
펄프제조기계,23806
종이제조 기계(초지기),39776
절단기,79378
골판지제조기,25459
기타 종이가공 기계,39679
펄프 및 종이제조 기계 부품,37171
플라스틱 사출성형기,1003297
플라스틱 압출성형기,166815
진공 및 열성형기,65523
기타 플라스틱 제조 기계,63260
고무 가공기계,82764
고무 및 플라스틱 가공기계 부품,52860
인쇄기계,241377
기타 인쇄관련기계,46567
인쇄 및 제본관련 기계 부품,105939
프레스용 금형,3908001
플라스틱용 금형,3190828
기타 금형,881846
몰드베이스,650894
기타 주형관련 부속품,412801
판유리제조기,18629
기타 유리공업용 기계,40416
산업용 범용 건조기,461967
금속 표면처리기,420737
권선기,31200
화학제품 제조기계,259551
초음파 기기,44366
전자식 모의훈련기기,60705
기타 산업용기계,1697684
산업용기계 부품,1425399
자동차 및 트레일러 제조업,192799402
차량용 가솔린엔진,1401654
차량용 디젤엔진,1544270
경승용차,6898701
소형승용차,7001384
중형승용차,6067991
대형 승용차(배기량2000cc이상),8886779
RV자동차(다목적 승용차),38170105
경버스,X
소형버스,X
중형버스,330404
대형버스,1059012
친환경차,8342755
자동차 KD세트(개조 및 분해),2471251
기타 자동차,70775
경트럭,X
소형트럭,3491488
중형트럭,X
대형트럭,869968
특수목적용 자동차,648241
자동차 차체,1340736
기중기차특장,277808
소방차특장,154557
기타 특장,706523
자동차 구조 및 장치 변경,57018
트레일러,138382
컨테이너(화물운송용),57791
트레일러 부품,26997
자동차 엔진용 신품 부품,14888744
자동차 차체용 신품 부품,22635445
신품 동력전달장치(자동차부품),21096106
신품 스타터모터,1203859
신품 점화플러그,203797
신품 내연기관용 발전기,870811
신품 배전기와 점화코일,142873
신품 점화 및 기타 목적용 와이어링하네스,3772968
신품 와이퍼 및 서리제거용 열선,471225
신품 음향신호용 기구,X
신품 자동차 전자제어,2586743
기타 자동차용 신품 전기장치,112780
자동차용 신품 전기장치의 부품,1641502
신품 조향장치 및 부분품,5465161
신품 현가장지 및 부분품,2097292
신품 제동장치 및 부분품,5411634
자동차용  신품 의자,4659951
자동차용 신품 의자 부품,1868420
신품 차륜 및 부품(자동차부품),2774893
신품 라디에이터 및 부품(자동차부품),444299
신품 배기조직 및  부품(자동차부품),2608631
신품 안전벨트 및 부품(자동차부품),880663
신품 에어백 및 부품(자동차부품),1125673
신품 연료탱크(자동차부품),343250
신품 차량용 히터,489009
신품 촉매컨버터(배기관용; 자동차부품),236823
기타 신품 자동차부품,2492690
자동차 재제조 부품,464680
기타 운송장비 제조업,39817066
탱커(철강제),4516656
벌크선(철강제),1035345
컨테이너선(철강제),4832514
가스및화학운반선,10532120
자동차운반선,90426
기타 화물선(철강제),X
어선(철강제),13693
여객선(철강제),X
기타 항해용 강선,2746970
강선 수리,208511
"여객선(FRP제, 동력식)",8636
"어선(FRP제, 동력식)",113929
합성수지선 수리,7051
목선(동력식),X
비철금속선(동력식),X
특수선박(상업 및 군사용 제외),2876118
물에 뜨는 구조물,128884
기타 선박 수리,12717
선체블록,2784908
모터보트,11755
무동력 보트,X
화물용 기차,X
전동차,1046132
"철도, 궤도의 유지·보수용 차량",X
철도차량 개조 및 재생,15083
제동기,66334
철도선로장치물,301453
철도차량용 의자,9956
"차축, 차륜 및 부품",42750
기타 철도차량 전용부품,435208
동력 항공기,1936146
무동력 항공기,X
항공기 개조 및 재생,286094
대륙 간 탄도 미사일,X
무인 항공기,37513
무인 비행장치,15231
항공기용 엔진,X
항공기엔진 부품,990365
항공기용 의자,4254
기타 항공기 전용부품,2166428
전투용 차량,1273019
전투용 차량부품,501167
모터사이클,46846
모터사이클  전용부품,33846
자전거,26125
환자용 차량,34251
환자용 차량 부품,X
기타 수동식 운송장비,52833
기타 수동식 운송장비 부품,19215
가구 제조업,7612955
매트리스,440441
매트리스 지지물,31440
소파 및 가정용 내장의자,310245
목제 식탁 및 식탁의자,89606
목제 조리대(싱크대),664710
목제 싱크대상판,115063
목제 상(식탁용),5367
찬장,108897
기타 목제 주방가구,81258
목제 책상,103305
목제 의자,63768
거실 및 서재용 목제가구,649485
목제 침대,544094
화장대,34863
장식장,146123
장롱,625927
기타 침실용 목제가구,71686
유아 및 어린이용 목제가구,28224
TV 및 음향기기용 목제캐비닛,2982
신발장,89689
기타 가정용 목제가구,150841
사무용 목제책상,290542
사무용 목제의자,30531
사무용 목제탁자 및 테이블,66916
사무용 보관함,123247
목제 칸막이,53119
목제 상점진열대 및 라커,158474
기타 사무 및 상업용 목제가구,72585
학교 및 공공장소용 가구,145091
실험 및 과학용 가구,48886
주문형 목제가구,144522
목제가구 부품,122065
가정용 금속제 주방가구,86442
기타 가정용 금속가구,122921
사무용 금속제 책상,205348
사무용 금속제 의자,398663
금속제 캐비닛,191696
기타 사무용 보관함,19934
금속제 서가,81868
금속제 칸막이,117768
금속제 진열장 및 라커,270034
기타 금속가구,64385
금속가구 부품,84338
플라스틱제 가구,247017
기타 소재의 가구,16233
플라스틱 및 기타 소재의 가구 부품,92316
기타 제품 제조업,5591375
귀석 및 반귀석(원석을 1차가공한 것),29830
귀금속제의 신변장신구 및 부품,764251
귀금속제의 세공품 및 부품,116726
보석제 제품,27370
주화,203945
금속제 모조 장신용품,66924
비금속제 모조 장신용품,17551
건반 악기 부품,X
디지털 피아노,20824
전자기타,38226
그외 전기식 악기,X
전자악기 부품,13589
기타(guitar),9438
국악기,X
관악기,X
그외 악기,X
기타 악기 부품,43320
"체조,육상 및 체력단련용 장비",255096
놀이터용 장비,212599
낚시대,79834
낚시릴,98563
낚시바늘,25946
낚시 인조찌,X
기타 낚시용구,39207
수렵용구,X
골프용품,185500
운동용 공,5960
운동용 장갑류,X
"양궁, 국궁 및 유사장비",28086
기타 운동 및 경기용구,37718
사람인형,7391
동물 및 기타인형,76404
승용장난감,19991
조립식장난감,100324
기타 장난감,61656
인형 및 장난감 부품,11728
영상게임기,34725
게임기컨트롤러,X
기타 영상게임기 부품,X
기타 오락용품,40904
기타 오락용품의 부품,X
간판 및 광고진열물(비전기식),619709
사인펜,37535
볼펜,97824
샤프펜,3001
기타 펜,32373
연필,35684
크레용 및 파스텔,13639
기타 필기용품,25171
기타 회화용품,22093
스탬프(수동식),32851
잉크리본,X
문구용칠판 및 화이트보드,31884
필기구의 부품,9070
가발 및 유사제품,21486
가발제조용 원사,99023
조화 및 모조 장식품,17794
실물설명용 모형,262437
표구 제품,17193
표구 부속품,34389
일반 단추,62851
스냅 단추,X
지퍼,144124
기타 파스너,11177
단추 및 지퍼 부품,X
담배 라이터,X
담배 필터,356819
양초,22179
착화탄,11667
기타 연소가능물품,22563
라이타 및 흡연용품의 부품,9668
칫솔,168493
청소용 비 및 솔,149421
개인위생용 솔,142336
페인트용 롤러 및 붓,X
산업용 솔,37231
놀이공원용품,X
머리빗,13390
머리핀 및 미장원용 핀,7881
화장용품,153691
향수 및 화장품용 스프레이,X
우산류,13249
지팡이,X
보온용 및 기타 진공용기,16304
마네킹 인형,5928
기타 제품,67861
우산류 및 지팡이 부품,X
산업용 기계 및 장비 수리업,2956887
건설ㆍ광업용 기계 및 장비수리,170075
산업용 기계 및 장비 수리,1368004
선박 부품 수리,334980
항공기 부품 수리,126334
사무용 기계 수리,17353
전기ㆍ전자 및 정밀기기 수리,940141
광업 및 제조업,1521125882
광 업(05~08),3203020
"석탄, 원유 및 천연가스 광업",331651
무연탄(채굴),207286
원유(채굴한 것),X
천연가스(채굴한 것),X
금속 광업,X
철광(채굴 및 정광),X
금·은 및 백금 광업,X
연(납)광 및 아연광(채굴 및 정광),X
비금속광물 광업; 연료용 제외,2713294
석회쇄석(채굴),541352
고령토(채굴),21663
기타 점토(채굴),X
화강암 원석(파쇄되지 않은 것),99570
석회석 원석(파쇄되지 않은 것),38623
건설용 쇄석(석회쇄석 제외),1470410
건설용 천연모래,287434
천연 자갈,60156
공업용 천연모래,100502
납석(채굴),14481
기타 화학 및 비료 원료용 광물(채굴),X
천일염(채취한 것),20063
규석(채굴),23802
장석(채굴),X
기타 비금속광물,11226
광업 지원 서비스업,X
기타 광업 지원 서비스,X
제 조 업(10~34),1517922862
식료품 제조업,77953427
쇠고기(도축),587184
돼지고기(도축),1473698
기타 도축고기,X
원피,X
육류 도축고기 부산물,143536
닭고기,2580640
오리고기,311249
기타 가금류고기,X
기타 가금고기 부산물,85514
"가금류 소시지, 통조림 및 병조림",7868
가금류 포장육,1541252
기타 가금류 가공품,542337
육지동물 포장육,4550823
육지동물 통조림 및 병조림,38892
베이컨,65315
햄(가축),756168
소시지(축육),369801
기타 육지동물 소시지 유사제품,305675
기타 고기가공품,1361988
어묵 및 유사가공품,595492
어육 소시지 및 어묵햄,340997
조미오징어,299937
조미쥐치포,35175
기타 조미조제식품 및 어류훈제품,73575
기타 수산동물 조리가공품,111227
참치통조림,458468
골뱅이통조림,53855
굴 통조림,11545
꽁치통조림,16167
기타 수산동물 통조림,41083
명태 건제품,165957
멸치 건제품,132720
오징어류 건제품,27249
어류의 채(건조한 것),64322
기타 소건품,16029
기타 자건품,21637
기타 수산동물 및 부산물 건제품,10647
멸치젓류,7100
명란젓 및 창란젓,107319
기타 젓갈류,141450
어류 염장품,149885
냉동 참치,260063
냉동 고등어,108534
동태,75333
기타 어류 및 부산물의 냉동품,218072
갑각류 냉동품,79485
연체동물 냉동품,298529
"어육(신선 및 냉동한 것, 등뼈 제거)",524783
비식용 어분,20960
기타 수산동물 가공품,39147
어류 부산물(신선 및 냉동한 것),28412
김,1503624
미역,158858
톳,30116
기타 해조류 가공품,126361
김치,1338935
단무지,302181
기타 과실 및 채소 절임식품,270877
오렌지원액,X
농축 과실즙,187244
농축 채소즙,182392
과실주스,107118
채소주스,62380
과실 통조림,54376
잼 및 젤리 통조림,197813
냉동 과실,38063
기타 과실가공품,103480
채소 통조림,12041
건조 채소,90780
기타 채소가공품,431674
견과 가공품,269340
식용 지방(육지동물의 것),65558
비식용 지방(육지동물의 것),39858
수산동물 조유(원유),24881
동물성 지방 부산물,167089
참기름,195817
들기름,36225
옥수수 원유(압착한 것),25423
채종유(유채유),25517
기타 식물성 원유(압착한 것),45532
대두박,495362
기타 식물성 유박,X
콩기름(대두유),675539
옥수수기름,59973
올리브유,230710
마아가린,51602
쇼트닝,106089
기타 식물성 정제유 및 가공유,193226
시유,2897558
연유,19973
조제분유(우유기저),305346
분유,154062
발효유,1591699
버터,32120
치즈,672504
기타 낙농제품,262778
아이스크림,732822
빙과,576714
쌀(도정한 것),1876923
보리쌀(도정한 것),36204
기타 도정 곡물,45315
도정 부산물,90845
밀가루,996200
콩가루,2417
옥수수가루,78379
기타 곡물가루,149341
소맥피,29842
제분 부산물,33987
곡물 혼합 분말 및 반죽,857359
선식류,139468
앙금류,109765
씨리얼식품,238858
기타 곡물조제식품,114447
고구마전분,13911
옥수수전분,283928
소맥전분,X
기타 전분제품,34396
포도당,44400
물엿,451751
과당,295344
기타 당류,88320
떡(제조도매),386174
떡(제조소매),50245
식빵(제조도매),661615
도넛(제조도매),128613
피자(제조도매),15095
기타 빵류(제조도매),1021977
케이크(제조도매),822174
코코아 분말,50313
초콜릿류,767759
캔디류,362369
껌,185808
미과,83528
스낵류,1168839
건과자류,725302
기타 곡분과자,123795
원당,X
정제당,1098584
국수,308830
당면,57668
냉면,205041
기타 유사국수,56762
라면,2054333
기타 인스턴트면류,54001
글루타민소다,X
기타 화학조미료,127059
식초,240968
맛소금,X
고추가루,268070
후추가루,49636
혼합 조미료,1470043
기타 천연조미료,215873
마요네즈,363473
케찹,83640
카레,51108
기타 혼합조제조미료,1109157
간장,377969
된장,205054
고추장,404235
춘장,18512
메주,9733
혼합장,27103
기타 장류,78646
커피 크리머,132261
효모,36820
가라기난,X
식품용 색소,89863
기타 식품첨가물,431464
김밥(제조도매),351005
도시락(제조도매),958936
냉동만두,741279
기타 냉동조리식품,1565318
레토르트 식품,923943
기타 식사용 조리식품(제조도매),505938
원두커피,404201
인스턴트 커피,356779
커피믹스,358809
녹차,131258
홍차,30425
"치커리차, 보리차 및 옥수수차",205642
율무차,40336
유자차,198886
꿀차,13787
기타 가공차,303641
조제수프,100967
이유식(우유기저 제외),102324
음료 베이스,297130
두부,506666
유부,66571
기타 묵 및 유사제품,61852
백삼,1542
홍삼,393551
인삼분말,43539
인삼즙,328371
인삼차,174754
인삼과자,155091
기타 인삼기저 식품,16726
건강원제품,84578
기타 건강보조용 액화식품,86211
스쿠알렌식품,6151
효소식품,254408
정제어유가공식품,21050
알로에식품,72245
기타 건강기능식품,1231005
계란 및 새알 가공품,406181
기타 식품,52224
배합사료(양우용),3160357
배합사료(양돈용),2368704
배합사료(양계용),2029687
배합사료(기타 동물),1002890
배합사료(양어용),203853
애완동물사료,292807
단미사료,119942
사료 첨가제,409570
기타 사료,89944
동물용 조제식품,44336
음료 제조업,11940953
탁주,318732
약주,52998
맥아,X
맥주,2352107
청주,X
"포도주, 샴페인",15679
복분자주,37554
기타 발효주,16968
주정,413210
소주,1833855
위스키,211072
매실주,X
기타 증류주 및 합성주,22074
얼음,93915
생수,863362
콜라,630299
사이다,365767
기타 탄산음료,550893
알카리성 이온음료,125741
식물성 섬유음료,136467
인삼음료,580683
과실음료,817773
채소음료,48583
커피 음료,1009939
두유,398986
기타 비알콜성 음료,963709
담배 제조업,3570472
담배잎(재건조),X
담배,3227144
기타 궐련,X
섬유제품 제조업; 의복 제외,16459226
방적용 면,X
순면사,567836
면혼방사,222706
방적용 모,31263
순소모사,41020
혼방소모사,30231
순방모사,82885
혼방방모사,61910
재생섬유사,111006
순합성섬유사,129655
혼방합성섬유사,412586
재봉사,64608
편물사,88189
커버링사,145539
기타가공사,191291
견사 및 견방사,X
마사 및 기타 식물성 섬유사,X
순면직물,342116
혼방면직물,233332
순소모직물,56067
혼방소모직물,61917
순방모직물,21269
혼방방모직물,25499
비스코스직물,42215
아세테이트직물,23455
순합성섬유직물,1078517
혼방합성섬유직물,1184470
순견직물,35682
혼방견직물,17306
마 및 기타 식물성 직물,7420
파일직물,251566
유리섬유직물,80365
기타 특수직물,121163
이불,431371
담요,28009
타월(직물),184767
침구용 카바,162885
베개 및 유사제품,56132
기타 침구관련제품,23278
자수제품 및 자수용재료,35641
커튼 및 유사제품,433855
텐트,36343
천막 및 덮개(직물),420987
기타 캔버스제품,22874
직물포대,202307
낙하산,X
차량의자 카바,1253482
청소용 포(직물),129858
가정용품 덮개,X
기타 직물제품,436483
견편조물,194097
면편조물,124481
인조섬유편조물,429000
기타 편조물,50481
섬유사 염색,195871
직물 염색,1139931
의복 및 직물제품의 염색,39337
직물원단 날염,303907
의복 및 직물제품의 날염,36682
섬유 호부처리,47250
섬유 기타 가공,22765
카페트,89241
마루덮개 및 유사제품,107771
끈 및 로프(식물성섬유),58183
끈(합성섬유),36626
로프(합성섬유),166551
어망,116178
기타 망,123528
끈가공품,56778
세폭직물,210743
부직포,890668
펠트,181436
부직포 제품,474557
타이어코드 및 타이어직물,338771
고무도포 사,X
기타 특수사,40394
비닐도포직물,103308
고무도포직물,49989
기타도포 및 적층직물,309001
워딩(솜) 제품,401737
편조제품(의복 및 의복액세서리 제외),X
레이스원단 및 망직물(편직된 것),94239
장식용 트리밍,X
직물제 필터,154257
기타 섬유제품,185575
"의복, 의복 액세서리 및 모피제품 제조업",14403307
남자 및 소년용 정장,881895
남자 및 소년용 코트,X
남자 및 소년용 자켓 및 점퍼,870584
남자 및 소년용 바지,65970
여자 및 소녀용 정장,2885662
여자 및 소녀용 코트,268682
여자 및 소녀용 자켓 및 점퍼,1251133
여자 및 소녀용 치마,176192
여자 및 소녀용 바지,76353
남자 및 소년용 속옷,61985
남자 및 소년용 내복 및 잠옷,22468
여자 및 소녀용 속옷,88205
여자용 보정의류,140127
여자 및 소녀용 내복 및 잠옷,10577
한복,14863
남성용 직물셔츠,674884
남성용 니트셔츠(니트원단 구입),58586
여성용 직물 블라우스 및 셔츠,700833
여성용 니트 블라우스 및 셔츠(니트원단 구입),424037
학생용 교복,210550
"사무, 작업 및 위생용 의복",632252
운동복,1649840
남자용 가죽의복,34615
여자용 가죽의복,70955
유아용 의복 및 부속품,767226
기타 봉제의복,75695
천연모피 의복,189369
기타 천연 모피제품,X
남자용 속옷 (편직결합),18449
여자용 속옷 (편직결합),61861
유아용 내의(편직결합),61331
남자용 셔츠(편직결합),203193
여자용 셔츠 및 브라우스(편직결합),275202
남자용 스웨터(편직결합),97500
여자용 스웨터(편직결합),232048
기타 남성용 편조 외의(편직결합),31518
기타 여성용 편조 외의(편직결합),100114
스타킹,67731
양말,214704
장갑(편직결합),243827
기타 편조제품,22005
모자,123300
섬유 장갑,55301
가죽 장갑,17160
넥타이,26010
목도리,X
스카프,75994
벨트(허리띠),14764
손수건,30815
기타 의복악세서리,24143
의류 부분품,82543
"가죽, 가방 및 신발 제조업",4823751
소가죽,905308
돼지가죽,X
면양 또는 산양(염소)의 가죽,X
기타 동물가죽,14318
재생가죽,X
기타 특수가공가죽,37033
천연모피(유연처리 또는 완성가공한 것),X
인조모피,X
핸드백,757413
지갑,207663
서류가방,40155
여행용 가방,27396
학생용 가방,16663
등산용 배낭,20392
기타 가방,41370
케이스(가죽 및 섬유제),206902
산업용 가죽제품,26711
가정용 가죽제품,100613
남자용 구두(단화 포함),383289
여자용 구두(단화 포함),591613
아동용 구두(단화 포함),8595
가죽 장화,17577
고무장화,26779
프라스틱 및 고무제 운동화,X
기타 플라스틱 및 고무제 신발,10916
직물슬리퍼,X
플라스틱 및 고무 슬리퍼,50949
가죽 슬리퍼,X
운동화,394087
가죽 등산화,374257
가죽 샌달,30052
기타 직물갑피제 또는 가죽갑피제 신발,115094
스포츠화,19553
기타 재료제의 신발,X
가죽제 신발부분품,79144
플라스틱 및 고무제 운동화부분품,126364
기타 플라스틱 및 고무제 신발부분품,80067
기타 재료제의 신발부분품,56528
목재 및 나무제품 제조업; 가구 제외,5803519
소각재,54617
각재,533006
판재,108316
제재부산물,43383
마루용 판재,292387
우드몰딩,67242
목모와 목분,28672
칩상 또는 삭편상의 목재,92147
기타 표면가공목재,39064
표면처리 및 방부처리목재,229674
단판,83883
일반 합판,270978
가공합판,485968
파티클보드(PB),181482
MDF(중밀도섬유판),697540
강화마루,125675
재생목재,36427
목제의 창문 및 창문틀,130414
목제의 문 및 문틀,521577
목제 패널,284998
목제의 건물 부착물,134565
목제 깔판류 및 기타 적재용 판,638476
목제통 및 관련 부품,24326
목제의 포장 및 운반용 상자,484250
목제의 케이블드럼,30685
목제도구 및 부품,13077
주방용 또는 식탁용 목제품,29345
목제 그림틀 및 사진틀,7085
기타 장식용 목제품,13618
장의용 목관,13633
기타 목제품,98370
콜크 및 콜크제품,X
대나무 돗자리,4020
기타 조물제품,X
"펄프, 종이 및 종이제품 제조업",23225149
화학펄프,X
기타 펄프,24983
신문용지,693372
백상지,1375205
중질지,198518
인쇄용 박엽지,146379
아트지,1672285
정보용지,491437
지폐용지,X
수제지,13917
기타 인쇄 및 필기용지,53012
크라프트지,198098
골판지원지,2545623
백판지,782016
기타 판지,11762
적층가공지(박지),664101
포장지,369549
접착지,188564
기타 가공지,150656
위생용지,287836
기타위생용지,X
기타 종이 및 판지,97319
골판지,1064827
골판지 상자,4309949
기타 골판지제 관련제품,47262
종이 포대,229794
종이 가방,178232
판지상자 및 용기,692249
식품위생용 종이상자,209652
식품용 종이용기,388901
기타 종이상자 및 용기(판지 및 골판지 이외),380611
지관(판지 및 골판지 이외),307141
전자복사기용지(소매용),61681
노트류,168158
컴퓨터용지,134667
앨범,45624
바인더,60938
사무용 봉투,71343
장부류,9269
기타 문구용 종이제품,81727
화장지,1263019
종이 타월,635535
종이 생리대,210374
종이 기저귀,776405
기타 위생용 종이제품,5805
종이벽지,390148
직물벽지,79776
장판지,X
여과지,256769
종이 라벨,601413
식품용 종이제품(용기 및 상자 제외),279371
기타 종이 및 판지제품,76675
인쇄 및 기록매체 복제업,533699
인쇄판,504370
오디오 복제물,X
기타 기록매체 복제물,X
"코크스, 연탄 및 석유정제품 제조업",119440834
석탄코크스,X
콜타르(조상의 것),182386
연탄,112596
휘발유,17916684
제트유,16999680
등유,3037616
경유,39851844
경질중유(벙커A유),X
중유(벙커B유),357144
벙커C유,7638788
나프타,16070141
솔벤트,1191996
윤활기유,5968830
프로판가스,1295183
부탄가스,2399995
윤활유(석유기저),2563868
그리스(석유기저),107596
재생 윤활유 및 그리스,147291
파라핀,100093
아스팔트,2515024
재생유,496571
기타 석유정제품,345754
화학 물질 및 화학제품 제조업; 의약품 제외,172435217
혼합부탄,205599
에틸렌,4469001
프로필렌,5450970
부타디엔,2067429
기타 비환식 탄화수소,263923
알킬벤젠,X
벤젠,5460181
톨루엔,995411
디니트로톨루엔(DNT),X
파라자일렌(P-X),15697622
올소자일렌,X
스티렌모노머(SM),4848127
자일렌(Xylene),1630290
기타 환식탄화수소,X
이염화에틸렌(EDC),X
염화비닐모노머(VCM),778912
기타 탄화수소 유도체,899377
숯,16006
기타 검 및 나무화합물,89410
콜타르피치,179671
석탄 화학물,169207
부탄올,164116
옥탄올(2-EH),263005
메탄올,X
에틸알콜(공업용),135809
에틸렌글리콜(EG),1508529
프로필렌글리콜(PG),X
폴리프로필렌글리콜(PPG),1167172
페놀,453425
기타 알코올 및 관련 유도체,162504
공업용 지방산,X
초산,300535
초산에틸,X
아크릴산,X
무수마레인산,64641
무수프탈산(PA),307464
테레프탈산(TPA),3851406
메틸메타크릴레이트(MMA),664865
아크릴레이트,569887
기타 카르복실산 및 그 유도체,142748
메틸터셔리부틸에테르(MTBE),267788
아민,104227
아크릴로니트릴(AN),X
톨루엔 디이소시아네이트(TDI),1270933
메틸렌 디페닐 디이소시아네이트((MDI),1564251
카프로락탐(CPLM),X
아세톤,366299
가소제,1169062
ECH(에피클로로히드린),X
산화프로필렌(PO),X
초산비닐,X
아디핀산,X
BPA(비스페놀A),1173488
고순도이소프탈산,X
폴리테트라 메틸렌 에테르 글리콜(PTMEG),X
포르말린,X
기타 기초유기화합물,1298805
수소(Hydrogen),1258099
질소(Nitrogen),1163750
산소(Oxygen),528446
아세틸렌가스,37332
이산화탄소,169253
아르곤가스,367745
희소가스,X
기타산업용가스,706357
구입한 압축 및 액화가스의 정제,102478
염소,170907
염산,80192
수산화나트륨(가성소다),1154462
염소산나트륨,9181
기타 가성소다,344380
소다회,X
기타 소다공업제품,57816
카본블랙,933032
화이트카본,X
이산화규소,X
과산화수소,530492
황,230943
오산화인,15583
기타 비금속화합물,89000
황산,263797
인산,104243
기타 무기산,X
황산알루미늄,73439
황산마그네슘,24709
탄산칼슘,292721
규산소다,61000
시안화나트륨,154441
수산화알루미늄,82625
탄산칼륨,X
기타 칼륨염,X
기타 금속 무기화합물,243140
핵연료,X
폴리실리콘,959456
잉곳 및 웨이퍼(태양전지용),150917
아연화,345115
산화티타늄,98734
산화철,58808
기타 무기안료,69867
천연색소,X
유연제,84238
분산염료,149836
산성 및 매염염료,70113
직접염료,42877
반응성염료,154723
형광염료,45131
플라스틱착색제(마스터배치),555549
색소중간착색제,63061
기타 합성염료,61898
레이크계 안료,116532
색소안료,238139
SBR,1000626
BR,1030520
SB라텍스,1216250
기타 합성고무,905669
고밀도폴리에틸렌(HDPE),4386651
저밀도폴리에틸렌(LDPE),4387283
폴리스티렌(PS),2010035
ABS수지,3661799
PVC수지,2052073
폴리프로필렌(PP),8827918
에폭시수지,1476037
실리콘수지,1172484
불포화폴리에스터수지,397040
선형폴리에스터수지,1017208
아크릴수지(PMMA),938495
요소수지,37841
멜라민수지,83640
페놀수지,173014
폴리우레탄,872398
엔지니어링플라스틱수지,5618382
석유수지,X
PETG수지,X
셀룰로스 에테르,X
K-RESIN,X
폴리에틸렌테레프탈레이트(PET),722988
기타 합성수지,1248854
구입한 수지의 배합물,1375103
재생수지,912769
질산,145879
암모니아,369891
요소,50871
황산암모늄,X
기타 질소비료,16778
인산비료,X
황산칼륨(황산카리),X
기타 칼륨비료,X
복합비료,927623
기타 화학비료,19165
유기질비료,578819
기타비료,98266
가정용 화학 살균 및 살충제,308443
화학 살충제(농업용),531807
화학 살균제(농업용),364532
화학 제초제(농업용),268247
화학 생장조절제,25571
"기타 화학 살균, 살충제 및 농업용 약제",44364
가정용 생물 살균 및 살충제,22861
생물 살충체(농업용),31043
생물 살균제(농업용),16381
생물 제초제(농업용),X
식물보호제,X
"기타 생물 살균, 살충제 및 식물보호제",11291
유성 페인트,2067341
수성 페인트,245103
에나멜페인트,100130
락카,96497
우레탄도료,387389
아크릴도료,460250
에폭시도료,362024
기타 합성수지 도료,385872
도료충전제,216327
EMC(에폭시몰딩컴파운드),147804
시너(Thinner),324402
기타 도료 및 관련제품,232940
요업용 도포제,93896
옵셋 잉크,271705
그라비아 잉크,274099
디지털 잉크,115442
기타 잉크,84702
그림물감,33334
유기계면활성제,1472908
조제계면활성제,317168
화장 비누,280614
세탁 비누,26871
세탁용 합성세제,577296
주방용 합성세제,330328
기타 세제,113634
치약,407502
글리세린,34694
화운데이션,1007299
크림,2126246
로션 및 오일,3862288
루즈,288177
볼터치,51513
아이세도우,220648
샴푸,853120
린스,24269
염색약,158080
기타 두발용조제품,237255
파우다,172421
향수,40357
화장수,724790
콜롱,X
매니큐어 및 제거제,31024
헤어스프레이 및 무스,8349
기타 화장품,1726386
실내용 가향제,103836
왁스,81532
구두약,6557
기타 광택제,51828
PS인쇄판,63944
"사진용 감광성 필름, 판 및 종이",497513
토너 및 토너카트리지,62409
사진용 화학물질,414903
가공 및 정제염,92219
천연 접착제,203509
합성수지 접착제,1836341
젤라틴,124347
화약 및 폭약,516505
도화선 및 뇌관(화약용),111744
폭죽 및 조명탄,32153
바이오 디젤,454480
바이오 에탄올,X
기타 바이오 연료 및 혼합물,7609
방향유,153933
반도체용 식각제,2271852
PR(포토레지스터),1239914
액정(liquid crystal),837803
기타 전자공업용 화학화합물,718777
자동차용 화합물,598683
콘크리트경화제,549973
필기용 잉크,38190
조제윤활제,171077
미생물 배양제,90801
가황촉진제,52733
산화방지제(고무·플라스틱용),603688
금속표면처리용 화합물,1146969
발포 및 소포제,207020
방수액,191648
활성탄,75493
제올라이트,45251
수처리제,271443
휴대용 연료,X
리튬코발트산화물,818967
부동액,X
자동차촉매,1673876
안정제(고무·플라스틱용),462289
기타 화학제품,1207722
폴리아미드섬유,1074725
폴리에스터섬유,2421571
스판덱스섬유,328767
아크릴릭섬유,X
합성장섬유토우,X
기타 합성스테이플섬유,X
아세테이트섬유,X
재생장섬유토우,43121
기타 재생섬유,28791
의료용 물질 및 의약품 제조업,19543756
의약품 원료,1825236
백신,371960
기타 생물학적 제제,471766
의약품제제,14835146
한의약품,472052
동물용 약제품,557811
"탈지면, 거즈, 붕대 및 유사제품",276846
진단용 시약(의료용),400008
기타 의약관련제품,332931
고무 및 플라스틱제품 제조업,66973854
승용차타이어,5584503
버스 및 화물차 타이어,415437
모터사이클타이어,X
기타 자동차 타이어,47259
자동차 튜브,170631
자전거 타이어,X
기타 비동력식 차량의 타이어 및 튜브,X
타이어 및 튜브 부속품,123512
재생 타이어,84466
고무패킹,1810675
재생고무,43379
배합고무,549587
방진고무,1198251
공업용 고무롤,101384
공업용 고무판,98634
고무 관 및 파이프,183650
고무호스,851629
고무벨트,255119
고무직물,X
기타 산업용 고무제품,321201
고무 장갑,101133
피임용 기구(고무제),X
고무젖꼭지,29586
기타 위생용 고무제품,42205
고무 매트,274912
고무 보트,26848
고무줄 및 밴드,59966
고무 자석,4859
고무스펀지 및 발포성제품,318251
기타 고무제품,113634
플라스틱 프로파일,300589
플라스틱 샤시바,650454
플라스틱 파이프,1106272
플라스틱 호스,332181
플라스틱 연결구류,508691
폴리에틸렌(PE)필름,1751004
폴리프로필렌(PP)필름,811711
폴리에스터(PET)필름,2242242
플라스틱필름(포장용),1368928
폴리염화비닐(PVC)필름,718632
폴리스티렌(PS)필름,85779
플라스틱필름(포장용 제외),1310481
플라스틱 시트 및 판(포장용),1235392
플라스틱 시트 및 판(포장용 제외),661516
합성피혁,833310
플라스틱장판,495651
플라스틱벽지,77468
플라스틱 타일,912993
설치용 및 위생용 플라스틱제품,1027930
플라스틱 창문 및 문,1674538
기타 건축용 플라스틱 조립제품,718987
플라스틱 봉투,1764927
플라스틱 병,1753800
플라스틱 뚜껑,732123
기타 플라스틱 포장용기,3533987
운송장비용 플라스틱제품,12189056
Key Pad,293043
핸드폰케이스,612224
전기 및 전자기기용 플라스틱제품,2604727
기타 기계용 플라스틱제품,987996
폴리스티렌 발포제품,2756177
우레탄 발포제품,1133422
기타 플라스틱 발포제품,187550
접착테이프,2657380
플라스틱 적층품,1788789
플라스틱 주방용품,864901
가구용 플라스틱제품,186058
오토바이용 헬멧,133702
플라스틱 헬멧,113575
플라스틱 사무 및 문구용품,106825
플라스틱 자석,13687
기타 플라스틱 제품,832414
비금속 광물제품 제조업,35372193
판유리,703118
차량용 안전유리,693749
건축용 안전유리,590084
차량용 거울,646711
유리거울(차량용 제외),55974
복층절연유리,336397
기타 판유리 가공품,322146
유리장섬유,159539
유리단섬유,155128
유리섬유 제품(직물제외),340523
기타 1차 유리제품,34418
브라운관용 유리,X
LCD용 유리,3141279
OLED용 유리,260133
투명전도막 코팅유리,98023
태양전지용 유리,4208
PDP용 유리,12357
전등용 유리,12953
기타 산업용 유리제품,75800
가정용 유리제품,93458
일반 유리용기,618235
실험실용 및 약물 포장용 유리용기,175547
기타 유리제품,14030
내화벽돌 및 블록,387798
내화타일,51326
내화도가니,X
기타 정형 내화 요업제품,93008
내화시멘트,216925
기타 부정형 내화 요업제품,359366
토기제품,X
가정용 도자기,109748
장식용 도자기,X
세면기,84084
변기,89146
욕조,25363
기타 위생도기제품,35546
전기용 도자기,216304
세라믹제 및 페라이트 자석,165574
페라이트 코아(철심),106702
기타 산업용 도자기,37379
도자기 제조용 분말,25584
기타 일반도자기,X
점토벽돌,182857
점토기와,19085
점토타일,324201
건축용 비내화 요업제품,7134
기타 건축용 비내화 요업제품,X
시멘트 클링커,693788
보통 포틀랜드시멘트,1650328
백색시멘트,87945
기타 포틀랜드 시멘트,672243
알루미나시멘트,X
고로슬래그시멘트,833325
기타 수경성 시멘트,34878
생석회,505246
소석회,69103
기타 석회,22727
플라스터,31434
비내화 모르타르,591653
레미콘,10225239
석고보드,596481
기타 석고 제품,34074
콘크리트 블록,653732
콘크리트 벽돌,103418
콘크리트 타일,85629
콘크리트 기와,8015
인조대리석,946020
콘크리트 벽면,223496
조립식 건축자재(콘크리트제),279515
콘크리트 파일,625409
콘크리트 전주,160268
흄관 및 VR관,249342
기타 콘크리트관,540087
기타 조립구조재,159374
"기타 콘크리트, 시멘트제품",102336
건설용 석제품,290705
착색 가공석제품(건설용),21846
기념석,20426
건물석,25170
포장석,X
기타 석재 가공품,35429
아스팔트 콘크리트 및 혼합제품,1276144
연마휠,57333
연마석,152888
연마지 및 포,407387
활석분,112264
규석분,89803
기타 비금속광물 분쇄물,454256
브레이크라이닝,13145
암면 및 유사제품,415049
탄소섬유,133861
아스팔트성형제품,89107
흑연 및 탄소제품(비전기용),101854
석면제품,61634
인공골재,79296
모래주형(중자포함),147689
기타 비금속광물제품,62133
1차 금속 제조업,138157880
제강용선철,X
주물용선철,167881
제철소 부산물,X
슬래브,707485
블룸 및 쉬트바,X
빌렛,478453
강괴,180989
망간철,97277
합금철(페로얼로이),2282638
철분(철분쇄물),176271
봉강(보통강),1426084
봉강(특수강),1401838
봉강(스테인리스강),1837388
일반철근,4545348
고장력철근,2461551
선재(보통강),703235
선재(특수강),2679074
선재(스테인리스강),X
형강(보통강),1304542
형강(특수강),1750094
"중후판(두께 3mm이상, 스테인리스제 제외)",6662533
열연광폭강대(스테인리스제 제외),X
스테인리스 중후판 및 열연강판,4760424
기타 열연강판(스테인리스제 제외),6515719
중궤조,X
경궤조,X
기타 궤조 및 철도선로자재,X
냉연 봉강 및 냉연 형강,517485
냉연광폭강대(스테인리스제 제외),5093810
냉연협폭강대(스테인리스제 제외),460081
냉연박판(스테인리스제 제외),X
냉연전기강판(스테인리스제 제외),26214
스테인리스 냉연강판,3295210
기타 냉연강판(스테인리스제 제외),3360011
보통 철선,516981
경강선 및 피아노선,510786
PＣ강선,342143
냉간압조용 강선(CHQ),782944
스테인리스강선,514385
아연도 강선,362910
타이어보강 강선,479029
기타도금 강선,26332
주철관(주조한 것),429667
주철제 관연결구류,154282
용접강관,3367464
무계목강관,337459
기타 강관,314348
강관 가공품,4105034
강관 연결구류,2071374
아연도강판,10313005
주석도금강판,841572
갈바륨강판,1259762
크롬도금강판,72690
알루미늄도금강판,631174
기타 도금강판,286003
칼라강판,2881524
도금 강관 및 피복 강관,523014
기타 도금 및 피복처리 강재,80931
철강 절단품(구입한 강재 절단),7933171
동1차정련품,5132484
동 2차정련품,853281
알루미나,325065
알루미늄 1차정련품,1857572
알루미늄 2차정련품,1784888
연 1차정련품,1560896
연 2차정련품,644537
아연 1차정련품,3713745
아연 2차정련품,199317
금괴,2368568
은괴,1596740
기타 귀금속 1차정련품,124215
귀금속 2차정련품,85592
니켈괴,X
주석괴,18551
기타 비철금속 1차정련품,475191
기타 비철금속 2차정련품,158018
동봉,989462
나동선,3249998
동판,1599425
동박(두께 0.15 ㎜ 이하),635636
동관,1175717
동제의 관연결구류,400456
알루미늄 봉(압연에 의한 것),335205
알루미늄 새시바(압출에 의한 것),2046473
알루미늄 선,319888
알루미늄 판,3213619
알루미늄박(두께 0.2 ㎜ 이하),616388
알루미늄 관,440306
알루미늄제  관연결구류,46810
"니켈 압연,압출 및 연신제품",47862
"연(납) 압연,압출 및 연신제품",189637
"아연 압연,압출 및 연신제품",144264
"주석 압연,압출 및 연신제품",43227
텅스텐(중석) 압연 및 압출 제품,235526
귀금속 압연 및 압출 제품,88646
세금선,539638
기타 비철금속 압연 및 압출제품,155029
동 분말,166971
알루미늄 분말,X
아연 분말,X
텅스텐분말,X
기타 비철금속 분말,213377
기타 １차 비철금속제품,157329
회주물(보통주철),2643640
가단주물,120253
구상흑연주물(덕타일 주물),175997
보통강 주물,792170
특수강 주물(합금강주물),426435
알루미늄 주물,1141585
동 주물,201441
기타 비철금속 주물,99134
금속 가공제품 제조업; 기계 및 가구 제외,69442114
건물용철문,474850
셔터문,73795
기타 금속제 문,673822
금속제 창문,1091139
건축용 금속 공작물,2009168
판금제품,3329673
육상 금속 구조물,5168591
교량,491938
철제수문,92357
기타 육상 금속 골조 구조제조재,602923
수상 금속 구조물,3165165
금속제 조립식 건축물,395022
금속제 조립식 건축물용 판넬,1793251
스티로폼 샌드위치패널,181067
우레탄폼 샌드위치패널,40618
그라스울 샌드위치패널,58737
기타 샌드위치패널,22557
산업용 온수보일러,630390
방열기,96847
산업용 온수보일러 및 방열기의 부품,34277
저장용 금속탱크,1652567
압축 및 액화 가스용기,622028
수관보일러,365897
연관보일러,69192
기타 산업용 보일러,2860997
보일러 부속품 및 부품,154272
원자로의 부품,23824
군사용 무기 및 부품,5477474
비군사용 총기류,26849
가스총,X
기타 비군사용 무기 및 부품,13710
분말야금제품,426122
보통강 단조물,1340954
특수강 단조물,943057
기타 철강 단조물,585987
스테인리스 단조물,133381
알루미늄단조물,173798
동단조물,26044
기타 비철금속 단조물,73196
자동차용 프레스 가공품,4534264
가정용 압형제품(알루미늄제),296131
가정용 압형제품(스테인리스제),583143
기타 프레스 가공품,1092277
금속 열처리 제품,869330
절삭가공,6127443
기타 금속처리 제품,733735
금속제 식탁용품(식기제외),32241
칼 및 칼날(식탁용 나이프 제외),60576
면도기 및 면도날,294781
가위,31551
손톱 및 발톱 깍기,46803
건물용 철물,681968
가구용 철물,352522
자동차용 철물,1149436
디지털 도어록,396329
"자물쇠, 열쇠 및 관련 부품(자동차용 제외)",50616
캐스터(소형바퀴),78312
가방 부착용 철물,23214
커튼 및 블라인드 부품,11155
기타 일반철물,266416
드라이버,X
스패너 및 렌치,8200
기타 작업용 수공구,85339
농업용 수공구,4638
드릴,47660
햄머,13099
기타 수공구,51585
톱(수동식),47124
톱날,108906
공작기계용 절삭공구,2322546
기타 공작기계용 부속물,97392
볼트 및 너트류(금속제),3590374
쇠못,119088
나사못(금속제),373167
리베트(금속제),34659
와셔(금속제),111353
기타 금속파스너,54558
코일스프링,740166
잎(판상)스프링,123171
기타 금속스프링,268336
철망,657732
와이어로프,671773
체인(동력전달용 제외),50271
기타 철선조립제품,74849
스틸캔(음식료품용),539082
알루미늄캔(음식료품용),597613
에어로졸캔,364483
드럼통,560195
금속 튜브용기,108142
기타 금속포장용기,701438
병마개,200303
알루미늄제 주방 및 식탁용품,567324
스텐레스 주방 및 식탁용품,294741
법랑제 주방 및 식탁용품,X
기타 금속제 주방 및 식탁용품,18886
싱크상판,145497
기타 금속 위생용품,119317
금속표시판,256804
용접봉,880818
금속제 액자틀,8966
기타 금속제 장식용품,123548
이동식 금속 사다리 및 부품,30211
"선박용 프로펠러, 날 및 닻",211013
금속제 파킹 및 가스켓,175198
기타 조립금속제품,293492
금속제 영구자석 제조,124430
바늘,61800
금고,114168
금고 부품,10833
기타 분류안된 금속가공제품,148575
"전자 부품, 컴퓨터, 영상, 음향 및 통신장비 제조업",269593274
D RAM,87731226
S RAM,X
Flash 메모리 (모듈포함),13326641
기타 반도체 메모리,6877607
스탠다드로직,X
ASIC 로직,1237486
마이크로 콤퍼넌트,748083
바이폴라 IＣ,258168
기타 모노리식 디지털 집적회로,X
아날로그 집적회로,52854
하이브리드 집적회로,72800
기타 혼성 집적회로,29826
극소형 조립회로,4028328
CMOS이미지센서,3001851
D D I,3238511
전자집적회로 부분품,968776
LED(OLED),3345884
트랜지스터,281910
다이오드,325230
감광성 반도체소자,217750
압전소자,X
수정진동자,20334
반도체웨이퍼,2509648
LED 에피칩,X
기타 반도체개별소자,256263
태양광웨이퍼,X
태양전지,397080
기타 반도체소자 부품,1630076
노트북용LCD,3751894
TV용 LCD,16868662
모니터용 LCD,4005627
기타 LCD,4688172
LCD용 컬러 필터,X
LCD용 백라이트 유니트(BLU),1032272
진공형광관,X
LCD편광필름,5664063
기타 액정표시장치 부품,799325
OLED 패널,21492650
PDP,11417
터치스크린 패널,1151448
기타 평판디스플레이 판넬,44225
기타 평판 디스플레이 부품,608846
PDP필터,X
페놀동박적층판,617634
에폭시동박적층판,1250080
기타 인쇄회로원판,512419
페놀인쇄회로기판,903685
에폭시인쇄회로기판,3655157
연성 및 기타인쇄회로기판,2176908
전자부품 실장기판,1941206
탄탈륨 축전기,X
알미늄 전해축전기,229262
세라믹 유전체의 고정축전기,1445493
종이 및 플라스틱 고정축전기,27887
기타 고정식축전기,X
전자회로용 가변식 축전기,45051
전기고압용 축전기(>=0.5KW),58596
축전기 부품,189088
탄소피막형 고정저항기,40530
칩형 고정저항기,91950
기타 고정저항기,7823
탄소 가변저항기,X
서미스터,57268
바리스터,153225
기타 가변저항기,X
저항기 부품,42714
마그네틱 스트라이프를 자장한 카드,70697
스마트 카드,346106
전자부품용 변성기,183486
전자유도 코일 및 쵸크,322904
기타 전자유도자,739597
전자코일 및 인덕터의 부품,52530
센서,772411
자동차용 센서,814315
컬러TV용 음극선관,X
기타 음극선관,X
자전관,15522
기타전자관,12395
기타 전자관 부품,15597
그래픽 카드,X
멀티미디어카드,X
컴퓨터용 모뎀카드(PC용),X
기타 전자접속 카드,X
리드프레임,878721
표시기,275800
편향코일,X
전자총,X
포토마스크(Photomask),629301
기타 전자 부품,792071
중대형 컴퓨터,260313
데스크탑 PC,433834
노트북,34375
PDA(휴대용 정보단말기),153427
태블릿PC,660292
기타 휴대용 컴퓨터,X
기타 컴퓨터,93495
하드디스크 드라이브,40671
광디스크 드라이브,X
휴대용 저장장치,99166
SSD(solid state drive),1983903
기타 기억장치,9489
자기헤드(컴퓨터용),X
기억장치 부품,26813
액정 모니터(컴퓨터용),787672
임팩트 프린터(충격식),62831
레이저 프린터,412255
잉크젯 프린터,78244
기타 비충격식 프린터,X
컴퓨터 프린터 부품,35641
키보드,62389
마우스,6761
스캐너류,71162
기타 입력장치,186924
기타 출력장치(컴퓨터용),X
컴퓨터 단말기,31897
주기판,47881
PC 카메라,X
컴퓨터 케이스,28786
기타 컴퓨터용 보드,12208
기타 컴퓨터 주변기기,29929
컴퓨터주변기기 전용부품(기억장치부품제외),260746
일반 전화기,X
코드없는 전화기세트,9638
영상 전화기,11611
기타 유선전화기,95386
기간통신사업용 교환기,24032
사설 교환기,X
기타 유선 교환기,X
반송장치(아날로그식),10977
반송장치(디지털),290164
디지털 다중화장치,38853
신호변환기,101831
"광전송 장비(다중계기, 분배기)",437250
중앙통제실 송신용 칩입 및 화재경보 시스템 제조,71107
팩시밀리,X
라우터 및 게이트웨이,35827
허브 및 네트웍관련 스위치,54659
키폰세트 및 시스템,X
음성자동응답기,X
비디오도어폰,171620
인터폰,66156
홈네트워크 장비,77322
기타 유선통신기기,72190
유선 전화기 부품,4387
교환기 부품,27849
반송기기 부품,10873
광통신기기 부품,669073
기타 유선 통신기기 부품,36557
방송용 증폭기,124295
방송용 음향관련 기기,145803
방송용 영상관련 기기,92002
케이블TV 수신자용 컨버터,21651
케이블TV 수신자용 기기,67333
위성방송 수신용 안테나,202830
위성방송 수신기,1271821
지상파방송 송수신기,X
유선방송 송수신기,105919
기타 TV송수신기,X
라디오송신기,X
DMB 송수신 기기,23020
기타 송신관련 기기,6282
폐쇄회로 카메라,1889889
기타 방송국용 기기,7523
방송국용 기기의 부분품,48328
휴대용 전화기,17861039
휴대용전화기 KD세트,2123799
휴대폰용 카메라모듈,5599671
기타 휴대용 전화기 부품,3505109
주파수 공용통신 단말기,46716
무선 호출기,31384
무전기,308458
WiBro 단말기,X
기타 무선 통신전화기,17450
무선통신용 교환기,166311
무선통신 기지국용 송수신기,86093
무선통신용 중계기(릴레이),718981
안테나시스템,190174
RFID(전자테그),153650
WiBro 중계기,33140
기타 무선통신 시스템,766752
기타 무선통신기기,161203
SAW Filter(표면탄성파 필터),293311
무선통신 단말기의 부품,356127
무선통신기기의 부품,211668
FPD TV,3987642
기타 TV,33860
텔레비전의 부품,262415
영상모니터,523137
레이저디스크 플레이어 및 DVD 플레이어,121487
캠코더,X
DVR,204755
외장형 DMB 튜너 (PC 장착용),X
외장형 DMB 튜너 (자동차 장착용),217016
안테나,373531
비디오용 헤드드럼,X
가정용 오디오,X
차량용 오디오,640906
MP3 Player,X
어학실습기,X
녹음기 및 녹음재생기,30136
노래반주기,94838
기타 음향 녹음 또는 재생기기,X
"라디오, 녹음 및 재생기기의 부품",38747
스피커,311608
기기용 앰프셋트,202032
오디오용 튜너,X
이퀄라이저,X
픽업,X
마이크로폰과 그 스탠드,75166
헤드폰,115337
자동차용음향증폭기,X
이어폰,98882
기타 음향관련 기기,15719
음향기기용 자기헤드,X
음향기기의 전용부품,274768
자기 및 광 디스크,12242
"의료, 정밀, 광학 기기 및 시계 제조업",27804069
의료용 방사선 장치,685939
산업용 방사선장치,75270
방사선 기타 장치,7287
방사선장치의 부품,143240
심전계,46536
초음파진단기,1107883
전자혈압계,6310
기타 전기 및 전자식 진단용기기,276752
광선치료기,399334
환자감시장치,13424
기타 전기식 치료 및 요법기기,122943
전기·전자식 진단 및 요법기기 부품,112478
치과용 기기,181167
치과기공소용 기기,27216
치과 및 치과기공소용 기기의 부품,21651
보청기,26849
치과용 임플란트,583343
치과기공소의 제품,316022
인공신체,45334
정형외과용 기기,191545
정형외과용 기기 및 보청기 부품,26234
선글라스,11737
기타 안경,21368
안경용 렌즈,149822
콘택트렌즈,293786
안경테,121161
기타 안경 부품,76801
치과용 의자,64027
병원침대,85742
이·미용실 의자,X
기타 의료용 가구,63750
주사기 및 수혈세트,477724
살균기(의료 및 실험실용),86259
산소호흡기,25780
기타 호흡관련 의료기기,163749
기타 의료용 기기,653419
기타 의료기기 부품,400582
측량기기,150812
GPS 시스템,142996
리모콘,158368
텔레매틱스 단말기,X
내비게이션,4308694
레이더기기,540697
조타기,10542
기타 항해용 기기,182252
측량기 및 항해용 무선기기의 부품,29570
오실로스코프 및 오실로그래프,X
전자계측기,475962
기타 전기량 측정 및 검사용기기,106488
전기량측정 및 검사용기기의 부품,43878
액면계,84409
압력계,101143
공해계측기,288005
온도계,24355
재료시험기,284392
열측정 및 풍력계기,69741
액체비중계,X
반도체 검사장비,2400165
기타 물질 측정 및 검사기기,868636
물질 검사·측정 및 분석기구의 부품,375169
가스공급계기,135254
수도미터,107962
기타 기체 및 액체공급계기,7998
전기공급계기,426307
속도계,825236
기타 적산계기,114965
속도계 및 적산계기 및 부품,88985
온도 자동조절장치(공업용 제외),294866
기타 자동조절기,180814
자동조절기(공업용 제외)의 부품,74204
온도자동제어장치,516683
산업용온도조절기,685552
기타 산업처리공정 제어장비,1620523
공업계기의 부품,153398
도안 및 제도기구,65149
"기타 측정, 시험, 항해 및 정밀기기 및 부품",157422
광섬유,49798
광학렌즈,2243965
광학필터,85287
BLU용 광학필름,1089674
기타 광학요소 관련품,29365
디지털 카메라,X
기타 사진기,119248
투영기,7699
사진섬광기구,X
기타 사진관련 기기,X
영화관련 기기,30302
"사진기, 영사기 및 관련장비의 부품",168529
쌍안경 및 천문관측기기,92953
광학현미경,69640
기타 광학기기,298564
레이저발생기기,36820
기타 광학기기의 부품,147215
휴대용 시계,28116
벽시계 및 탁상시계,10182
기타 시계,3208
시계케이스,X
시계줄(금속제),X
기타 시계부품,14874
전기장비 제조업,79224106
소형 전동기,2469017
중대형 직류 및 교류겸용 전동기,500921
중대형 교류전동기,507211
발전기,538534
발전기세트,112430
회전위상변환기,107914
태양광모듈,2517094
태양광발전시스템,235548
발전플랜트,466009
"전동기, 발전기 및 발전기 세트의 부품",929541
송배전변압기,906919
발전변압기,48290
특수목적용 변압기,87934
산업용 일반변압기,838691
전압조정기,23451
변압기 부품,296097
형광등용 안정기,147475
형광등용 안정기의 부품,12301
에너지 저장장치(ESS),412971
정류기,633003
인버터,754232
어댑터,119292
통신 및 컴퓨터용 전원장치,224129
무정전 전원장치,508049
배터리 충전기,451632
핸즈프리,X
배터리팩,565761
기타 정지형 변환기,104222
정지형 변환기의 부품,135046
고압 차단기(1000v 이상),1293794
배선용 차단기(1000v 미만),886744
기타 저압 차단기(1000v 미만),273557
퓨즈,41222
스위치(전기개폐용),1605689
계전기,180770
기타 개폐 및 보호관련 기기,168921
"전기회로 개폐, 보호 장치 부품",370122
플러그(전기접속용),104240
콘센트,197474
커넥터(일반전기접속용),2410247
전등용 소켓,37814
기타 전기 접속기기,116680
전자 커넥터(통신 및 전자기기회로용),1190050
전기회로 접속장치 부품,256095
저압배전반(전압1000v 미만),1343273
고압배전반(전압1000v 이상),1471150
수치제어장치,357539
자동전기제어반,1836600
프로그램 콘트롤러,647243
배전반 부품,378794
일차전지,260166
일차전지 부품,23356
차량용 납(연)축전지,6112364
기타 납(연)축전지,64007
알칼리 축전지,7332436
축전지 부품,2347818
광섬유 케이블,390393
전력선(송배전용),4066284
통신선,721097
신호 및 제어선,380819
절연전선(옥내외 저압 배선용),1914713
권선(마그네틱선),955185
기타 전선,911393
절연코드 및 코드세트,1143655
백열 전구,10513
할로겐 전구,54779
기타 필라멘트 전구,X
형광등(램프),54294
기타 방전램프,29628
LED 전등,1075717
기타 전구 및 램프,29694
전구 및 램프 부품,62491
자전거 및 차량용 조명기구,3515900
"선박, 철도차량, 항공기 및 오토바이용 조명기구",136498
차량용 조명 및 전기장치의 부품,660542
가정용 고정식 조명장치,739994
가정용 이동식 조명기구,76877
산업용 조명장치,523160
옥외용 조명장치,366776
조명장치 부분품,109930
전기식 간판,491219
장식용 조명세트,20757
전시 및 광고용 조명장치 부품,95100
휴대용 전등기구,15118
기타 비전기식 조명장치,26213
기타 조명장치 부품,15447
가정용 전자레인지,55482
가정용 전기 밥솥,355160
전기 후라이팬,41397
전자 오븐,72557
전기레인지,144628
기타 전기식 조리기기,51854
소형냉장고(200ℓ 이하),45333
중형냉장고(201ℓ ~ 400ℓ 이하),450263
대형냉장고(401ℓ 이상),2025689
김치냉장고,907314
가정용 전기믹서기,237465
가정용 식기 세척기,281446
가정용 전기식 식기 건조기,52423
렌지후드,151912
기타 주방용 전기기기,53485
주방용 전기기기 부품,535410
전기담요 및 장판,118599
전기 난로,36507
전기보일러,15837
전기온수기,61968
가정용 온풍기,15343
기타 가정용 전기식 난방기기,44832
가정용 전기식 난방기기의 부품,70081
전기 면도기,X
전기 안마기,135254
전기식 헤어드라이어,44732
전기 이발기,6665
기타 전기식 이미용기구,212933
가정용 세탁기,1897522
의류 건조기,X
가정용 선풍기,105035
가정용 환풍기,94341
가정용 가습기,22118
가정용 전기청소기,507193
전기비데,303586
전기다리미,X
기타 가정용 전기기기,141867
기타 가정용 전기기기 부품,1156156
가정용 기름 보일러,31128
가정용 가스 보일러,674361
석유 난로,X
가스 난로,1266
기타  가정용 난방기기,75656
가스레인지,202019
가스오븐레인지,256936
가정용 비전기식 휴대용 조리기기,47672
기타 비전기식 가정용 조리기기,13644
가정용 비전기식 조리 및 난방기기의 부품,160402
"도난, 화재 및 유사 경보기(차량용 제외)",338682
차량용 도난 및 화재 경보기,27173
기타 신호장치,44852
전기경보 및 신호장치 부품,79958
전기 애자 및 절연용 물품,115675
탄소전극 및 흑연전극,195038
카본부러쉬,71944
기타 전기용 탄소제품,19403
전기식 교통 통제장비,221548
전기식 교통통제장비의 부품,X
내연기관용 전기장치(자동차용 제외),71102
전자석 및 영구자석의 제품,75797
아크 용접기,48091
저항 용접기,95777
기타 전기용접기,55197
연료전지,152545
신호 발생기,X
오존 발생기,29696
이온 정수기,31557
전기도금 및 전기분해용 기기,60862
초음파 세척기,56432
기타 전기장비,134784
기타 전기장비의 부품,71600
기타 기계 및 장비 제조업,122409792
선박용 내연기관,2533829
기계용 내연기관,1005766
내연기관 부품(차량 및 항공기용 제외),1312589
터빈,116100
터빈 부품,105803
유압실린더 및 유압시스템,1759601
공압실린더 및 공압액츄에이터,332249
유압 펌프,708016
기압식 기체펌프 및 압축기,85881
기타 유압기기,89514
유압기기 부품,576306
산업용 액체펌프,1180700
가정용 펌프,180306
급유 및 계기용 펌프,163292
액체펌프의 부품,98381
진공 펌프,1190773
냉매 압축기(차량용 제외),771407
차량 에어컨용 압축기,825395
산업용 공기압축기,613269
기타 기체펌프 및 압축기,160059
기체 펌프 및 압축기 부품,100670
감압 밸브,280706
유압 및 공기압전송용 밸브,1061241
체크 밸브,240721
안전 밸브,306857
수전,877235
볼 및 플러그밸브,375160
자동조절 및 원격조절밸브,598406
기타 밸브,273350
"탭, 밸브의 부품",600228
볼 베어링,1671401
원추형 롤러베어링,287101
지구베어링,209467
기타 베어링,277734
베어링 부품,303578
변속기,764908
기어 및 기어링,577451
체인(동력전달용),172100
플레인베어링,224362
기타 기계식 동력전달장치,115505
기계식 동력전달장치 부품,112887
공업용로,481712
소각로,869607
전기로,276667
로 부속품 및 부품,148426
포크리프트 트럭(지게차),1377275
기타 산업용 트럭 및 적재기,16969
산업용 트럭 및 적재기 부품,345503
엘리베이터,2860773
에스컬레이터,X
리프트기기,120391
주차기,268997
승강기류 부품,779180
컨베이어,2303289
자동창고시스템,306838
컨베이장치류 부품,152361
호이스트,215840
물품취급용 크레인,576788
윈치 및 캡스턴,71688
기타 물품취급장비,105325
물품취급장비 부품,102100
산업 및 상업용 냉장고,377437
산업용 냉동기,898074
냉각탑,154022
냉동，냉장 쇼케이스,401988
기타 냉동장비,23115
산업용 냉장 및 냉동장비의 부품,714594
룸에어컨,355462
패키지에어컨,1155990
차량용 에어컨,2714038
시스템에어컨,1850856
에어핸드링유니트,337091
팬코일유니트,89143
항온항습기,404773
기타 공기조화장치,330460
공기조절장치 부품,2101694
송풍기(산업용),948071
송풍기(산업용) 부품,132860
공기청정기,987272
차량용 공기청정기,84698
집진기,348947
기타 기체 여과기 및 청정기,342095
기체 여과기 및 청정기 부품,568077
정수기,1139161
상하수정화장비,382893
연수기,X
기타 액체여과기,266328
액체 여과기 부품,910030
열교환기,2182900
증류기 및 가스발생기,109649
증류기 및 열교환기의 부품,238591
복사기,105715
현금자동지급기(CD),94850
자동거래단말기(ATM),295412
금전등록기,163733
동전 및 화폐 처리기,110865
표권 발행기,38139
전자수첩,X
신용카드조회기,88753
기타 계산 관련기기,12718
우편물취급기기,6865
문서 펀칭기(사무용) 및 스테이플러,12520
문서 및 그림 코팅기(사무용),71132
기타 사무용 기계,238336
복사기 전용부품,86495
계산관련 기기의 전용부품,29448
사무기기의  전용부품,10118
산업용 저울,63251
가정 및 상업용 저울,61959
병，용기의 세척기,9386
충전기(포장겸용),225333
포장기,568268
포장기 및 용기세척기 부품,49217
소화기,252566
스프링쿨러,104933
분사기,144346
소화장비 및 분사기 부품,192230
수지식 동력연삭기,126167
기타 수지식 동력 공구,71083
수지식 동력공구 부품,86483
자동판매기 및 화폐교환기,84532
가스 용접기 및 절단기,204693
기타 용접기,32576
원심분리기,147281
산업용 접시 세척기,59182
기타 일반목적용 기계,388103
자동판매기 및 화폐교환기 부품,10320
기타 일반목적용기계 부품,445804
경운기,72691
농업용 트랙터,1131325
쟁기,8847
기타 경지정리용 기계,133739
농업용 분무기,124116
이앙기,127168
기타 재배관련기기,95748
콤바인(농업용),125228
농업용 건조기,96798
기타 수확관련 기계,72939
사료가공 기계(농업용),73936
기타 축산기계,104190
기타 농업용기계,113639
농업용 기계 부품,613993
레이저 가공기,453310
방전가공기,58753
기타 전자응용 절삭기계,69759
전자응용 가공 절삭기계의 부품,104274
디지털 적층 성형기계,81588
디지털 적층 성형기계 부품,12912
머시닝 센터,1499167
전용기,588404
수치제어식 선반,1496991
범용 선반,67437
드릴링기,31323
보링기,36198
밀링기,31766
탭핑기,15993
연삭기,107554
기어절삭기,10853
톱기계(금속용),22127
기타 금속절삭가공기계,93211
금속절삭가공기계의 부품,214786
액압 프레스,33885
기계 프레스,555031
금속 절곡기,143883
금속 전단기,45901
펀칭기,20894
금속 단조기,13524
금속 인발기,8856
나사 전조기,86114
금속선 가공기,34492
기타 금속성형기계,50841
금속성형기계의 부품,38758
목공기계,41218
기타 공작기계,260935
"다이, 지그 및 공작기계 부착물",850574
목공기계 부품,X
기타 공작기계 부품,56123
주물주조기계,213096
금속 압연기,65634
압연기 롤,113856
기타 금속주조 및 압연기 부품,69604
굴삭기,4642594
토공기계,131342
건설용 크레인,111876
콘크리트믹서,70538
콘크리트 펌프카,261236
도로포장 기계,70274
기초공사기계,45471
로더 및 불도저,444195
기타 건설용 트랙터,X
기타 건설용 기계,103310
무한궤도,363278
건설용 기계 부품,3325707
"광물용 파쇄, 마쇄 및 선별기",258692
기타 광산 기계,24730
콘크리트제품 제조기,34805
기타 광물제조장비,9131
광물처리장비 부품,24705
낙농품 가공기계,39756
정미기,62046
기타 곡물가공기계,10627
육류가공기계,104019
기타 공장용 음식료품 제조기계,208419
제빵용기계,71338
기타 상점용 음식료품 조리기계,60688
음식료품 및담배 가공기계 부품,24349
업소용 세탁관련기기,23078
염색기,29813
기타 섬유 마무리 가공기계,115435
공업용 재봉기,19390
연사기,X
방적기,52489
기타 화학섬유 및 방적기,29917
직기,10993
편직기,51345
자동 자수기,16247
기타 특수 직기,11834
가죽 및 신발제조 기계,32649
스핀들,12133
재봉기 부품,13899
"기타 섬유, 의복, 가죽 가공기계 부품",17002
웨이퍼 가공 장비,3986113
반도체 조립 장비,5076171
칩마운터,616803
태양전지 제조장비,53489
기타 반도체 제조 장비,1701205
반도체제조 장비 부품,4447263
평판디스플레이 제조용 기계,7244328
평판디스플레이 제조용기계 부품,752429
용접용로봇,284945
도장용로봇,88616
조립용로봇,674499
기타 산업용 로봇,685425
산업용 로봇 부품,337755
펄프제조기계,18877
종이제조 기계(초지기),45738
절단기,79794
골판지제조기,27611
기타 종이가공 기계,47206
펄프 및 종이제조 기계 부품,38650
플라스틱 사출성형기,987337
플라스틱 압출성형기,148483
진공 및 열성형기,94204
기타 플라스틱 제조 기계,48721
고무 가공기계,76151
고무 및 플라스틱 가공기계 부품,56257
인쇄기계,269869
기타 인쇄관련기계,35263
인쇄 및 제본관련 기계 부품,103070
프레스용 금형,3761670
플라스틱용 금형,2886106
기타 금형,870476
몰드베이스,585593
기타 주형관련 부속품,555619
판유리제조기,20839
기타 유리공업용 기계,32375
산업용 범용 건조기,527145
금속 표면처리기,503117
권선기,33956
화학제품 제조기계,239167
초음파 기기,102797
전자식 모의훈련기기,78512
기타 산업용기계,1513167
산업용기계 부품,1218837
자동차 및 트레일러 제조업,186412008
차량용 가솔린엔진,2064234
차량용 디젤엔진,1339097
경승용차,3016607
소형승용차,6152039
중형승용차,4579178
대형 승용차(배기량2000cc이상),10814667
RV자동차(다목적 승용차),38182436
경버스,X
소형버스,X
중형버스,X
대형버스,1290108
친환경차,5046055
자동차 KD세트(개조 및 분해),4317237
기타 자동차,92591
경트럭,X
소형트럭,3461533
중형트럭,X
대형트럭,X
특수목적용 자동차,1124093
자동차 차체,1351007
기중기차특장,194353
소방차특장,213123
기타 특장,701192
자동차 구조 및 장치 변경,56067
트레일러,146419
컨테이너(화물운송용),56125
트레일러 부품,22817
자동차 엔진용 신품 부품,15153311
자동차 차체용 신품 부품,22210782
신품 동력전달장치(자동차부품),19660000
신품 스타터모터,993128
신품 점화플러그,237806
신품 내연기관용 발전기,732998
신품 배전기와 점화코일,164104
신품 점화 및 기타 목적용 와이어링하네스,3676335
신품 와이퍼 및 서리제거용 열선,567894
신품 음향신호용 기구,X
신품 자동차 전자제어,2047750
기타 자동차용 신품 전기장치,188409
자동차용 신품 전기장치의 부품,2124674
신품 조향장치 및 부분품,5446844
신품 현가장지 및 부분품,2207038
신품 제동장치 및 부분품,5475778
자동차용  신품 의자,4898797
자동차용 신품 의자 부품,1488525
신품 차륜 및 부품(자동차부품),2716078
신품 라디에이터 및 부품(자동차부품),472658
신품 배기조직 및  부품(자동차부품),2345001
신품 안전벨트 및 부품(자동차부품),820851
신품 에어백 및 부품(자동차부품),1049195
신품 연료탱크(자동차부품),357552
신품 차량용 히터,350544
신품 촉매컨버터(배기관용; 자동차부품),137928
기타 신품 자동차부품,2428090
자동차 재제조 부품,521091
기타 운송장비 제조업,36200035
탱커(철강제),5659006
벌크선(철강제),541621
컨테이너선(철강제),4361355
가스및화학운반선,8136716
자동차운반선,217937
기타 화물선(철강제),X
어선(철강제),X
여객선(철강제),X
기타 항해용 강선,2453595
강선 수리,218263
"여객선(FRP제, 동력식)",X
"어선(FRP제, 동력식)",121419
합성수지선 수리,3080
목선(동력식),X
비철금속선(동력식),8733
특수선박(상업 및 군사용 제외),2197976
물에 뜨는 구조물,1580636
기타 선박 수리,27258
선체블록,1934779
모터보트,11763
무동력 보트,X
화물용 기차,X
전동차,935303
"철도, 궤도의 유지·보수용 차량",X
철도차량 개조 및 재생,X
제동기,39722
철도선로장치물,189431
철도차량용 의자,20831
"차축, 차륜 및 부품",22553
기타 철도차량 전용부품,357883
동력 항공기,1618047
무동력 항공기,X
항공기 개조 및 재생,X
대륙 간 탄도 미사일,X
무인 항공기,35621
무인 비행장치,11038
항공기용 엔진,X
항공기엔진 부품,965170
항공기용 의자,13983
기타 항공기 전용부품,2370772
전투용 차량,810071
전투용 차량부품,503476
모터사이클,35954
모터사이클  전용부품,34708
자전거,18272
환자용 차량,28835
환자용 차량 부품,X
기타 수동식 운송장비,51200
기타 수동식 운송장비 부품,24126
가구 제조업,7650959
매트리스,398638
매트리스 지지물,43135
소파 및 가정용 내장의자,282244
목제 식탁 및 식탁의자,81685
목제 조리대(싱크대),781117
목제 싱크대상판,115322
목제 상(식탁용),5616
찬장,72231
기타 목제 주방가구,91934
나전칠기제의 가구,X
목제 책상,87104
목제 의자,62927
거실 및 서재용 목제가구,616540
목제 침대,537557
화장대,41821
문갑,X
장식장,93574
장롱,776257
기타 침실용 목제가구,51978
유아 및 어린이용 목제가구,23507
TV 및 음향기기용 목제캐비닛,2980
신발장,83543
기타 가정용 목제가구,104938
사무용 목제책상,303302
사무용 목제의자,33834
사무용 목제탁자 및 테이블,59879
사무용 보관함,124194
목제 칸막이,66873
목제 상점진열대 및 라커,172435
기타 사무 및 상업용 목제가구,50434
학교 및 공공장소용 가구,140180
실험 및 과학용 가구,37812
주문형 목제가구,164490
목제가구 부품,148536
가정용 금속제 주방가구,84226
기타 가정용 금속가구,172028
사무용 금속제 책상,177250
사무용 금속제 의자,328207
금속제 캐비닛,214625
기타 사무용 보관함,18666
금속제 서가,66200
금속제 칸막이,124058
금속제 진열장 및 라커,313393
기타 금속가구,57199
금속가구 부품,65606
플라스틱제 가구,258808
기타 소재의 가구,12795
플라스틱 및 기타 소재의 가구 부품,88508
기타 제품 제조업,5540126
귀석 및 반귀석(원석을 1차가공한 것),20483
귀금속제의 신변장신구 및 부품,714345
귀금속제의 세공품 및 부품,81411
보석제 제품,19041
주화,228975
금속제 모조 장신용품,128123
비금속제 모조 장신용품,17291
건반 악기 부품,X
디지털 피아노,19136
전자기타,37274
그외 전기식 악기,X
전자악기 부품,12631
기타(guitar),8425
국악기,X
관악기,X
그외 악기,X
기타 악기 부품,38321
"체조,육상 및 체력단련용 장비",228627
놀이터용 장비,169199
낚시대,108245
낚시릴,122725
낚시바늘,24171
낚시 인조찌,X
기타 낚시용구,24209
수렵용구,5161
골프용품,166744
운동용 공,4385
운동용 장갑류,X
"양궁, 국궁 및 유사장비",30776
기타 운동 및 경기용구,36140
사람인형,8135
동물 및 기타인형,80700
승용장난감,19503
조립식장난감,135509
기타 장난감,55321
인형 및 장난감 부품,4881
영상게임기,37055
기타 오락용품,53348
기타 오락용품의 부품,X
간판 및 광고진열물(비전기식),585983
사인펜,24694
볼펜,97846
샤프펜,16848
기타 펜,32850
연필,33197
크레용 및 파스텔,10723
기타 필기용품,18282
기타 회화용품,20482
스탬프(수동식),32436
잉크리본,X
문구용칠판 및 화이트보드,30088
필기구의 부품,X
가발 및 유사제품,18668
가발제조용 원사,81427
조화 및 모조 장식품,56070
실물설명용 모형,283517
표구 제품,13596
표구 부속품,33189
일반 단추,79220
스냅 단추,1926
지퍼,172004
기타 파스너,9850
단추 및 지퍼 부품,4530
담배 라이터,X
담배 필터,296883
양초,19080
착화탄,13433
기타 연소가능물품,13454
라이타 및 흡연용품의 부품,X
칫솔,162767
청소용 비 및 솔,146310
개인위생용 솔,155755
페인트용 롤러 및 붓,X
산업용 솔,33318
놀이공원용품,4363
머리빗,9677
머리핀 및 미장원용 핀,10344
화장용품,139490
향수 및 화장품용 스프레이,X
우산류,19756
지팡이,X
보온용 및 기타 진공용기,23742
마네킹 인형,6375
기타 제품,137520
우산류 및 지팡이 부품,X
산업용 기계 및 장비 수리업,3009142
건설ㆍ광업용 기계 및 장비수리,163044
산업용 기계 및 장비 수리,1512522
선박 부품 수리,305167
항공기 부품 수리,98145
사무용 기계 수리,12797
전기ㆍ전자 및 정밀기기 수리,917467
