"행정구역별","품목별",2019,2019,2019,2019
"행정구역별","품목별",사업체수 (개),생산액 (백만원),출하액 (백만원),완제품 연말재고액 (백만원)
"전국","광업 및 제조업",72727,1497820852,1494771123,65039737
"전국","광 업(05~08)",395,3105605,3047608,383119
"전국","석탄, 원유 및 천연가스 광업",7,300134,260403,274660
"전국","무연탄(채굴)",4,199654,159933,274650
"전국","원유(채굴한 것)",1,X,X,X
"전국","천연가스(채굴한 것)",2,X,X,X
"전국","금속 광업",4,X,X,X
"전국","철광(채굴 및 정광)",2,X,X,X
"전국","금·은 및 백금 광업",1,X,X,X
"전국","연(납)광 및 아연광(채굴 및 정광)",1,X,X,X
"전국","비금속광물 광업; 연료용 제외",383,2638612,2620455,107048
"전국","석회쇄석(채굴)",63,560031,556550,11569
"전국","고령토(채굴)",3,5838,5700,541
"전국","기타 점토(채굴)",1,X,X,X
"전국","화강암 원석(파쇄되지 않은 것)",28,157948,158177,5059
"전국","석회석 원석(파쇄되지 않은 것)",7,44257,44129,3137
"전국","건설용 쇄석(석회쇄석 제외)",174,1372249,1366030,43319
"전국","건설용 천연모래",60,240330,234574,14869
"전국","천연 자갈",14,68338,66966,2997
"전국","공업용 천연모래",9,104139,104331,6441
"전국","납석(채굴)",4,14315,14200,11087
"전국","기타 화학 및 비료 원료용 광물(채굴)",1,X,X,X
"전국","천일염(채취한 것)",10,23569,22958,3482
"전국","규석(채굴)",3,17372,17135,985
"전국","장석(채굴)",2,X,X,X
"전국","기타 비금속광물",4,13596,13003,2892
"전국","광업 지원 서비스업",1,X,X,X
"전국","기타 광업 지원 서비스",1,X,X,X
"전국","제 조 업(10~34)",72332,1494715247,1491723515,64656618
"전국","식료품 제조업",7652,82207002,81991225,2752250
"전국","쇠고기(도축)",47,584249,581160,19197
"전국","돼지고기(도축)",77,1524999,1526958,54465
"전국","기타 도축고기",1,X,X,X
"전국","원피",2,X,X,X
"전국","육류 도축고기 부산물",24,122963,121711,2510
"전국","닭고기",64,2636825,2616477,96125
"전국","오리고기",12,297727,292541,11743
"전국","기타 가금고기 부산물",7,41290,41145,757
"전국","가금류 소시지, 통조림 및 병조림",3,8898,8838,395
"전국","가금류 포장육",215,1399233,1394263,46152
"전국","기타 가금류 가공품",88,619673,615027,38227
"전국","육지동물 포장육",292,5014886,5000074,199142
"전국","육지동물 통조림 및 병조림",11,51561,51342,1239
"전국","베이컨",10,86948,88495,995
"전국","햄(가축)",32,830214,819591,84180
"전국","소시지(축육)",35,386166,385198,10755
"전국","기타 육지동물 소시지 유사제품",55,282349,282038,10034
"전국","기타 고기가공품",149,1519004,1507149,44742
"전국","어묵 및 유사가공품",72,652054,651641,12512
"전국","어육 소시지 및 어묵햄",11,383860,383193,7407
"전국","조미오징어",40,292917,289967,19355
"전국","조미쥐치포",9,32275,32058,1555
"전국","기타 조미조제식품 및 어류훈제품",20,71231,72072,9031
"전국","기타 수산동물 조리가공품",21,130722,130151,5046
"전국","참치통조림",8,483101,479884,48139
"전국","골뱅이통조림",5,39990,47941,5230
"전국","굴 통조림",8,17986,19206,2409
"전국","꽁치통조림",6,18273,18548,3059
"전국","조개통조림",1,X,X,X
"전국","기타 수산동물 통조림",16,36249,36898,3319
"전국","명태 건제품",46,184252,185283,12689
"전국","멸치 건제품",63,133617,133660,882
"전국","오징어류 건제품",22,36007,35721,3137
"전국","어류의 채(건조한 것)",20,71870,71404,5012
"전국","기타 소건품",15,22177,22977,1112
"전국","기타 자건품",8,28161,27357,2451
"전국","기타 수산동물 및 부산물 건제품",9,8506,8942,1445
"전국","멸치젓류",10,6275,6297,784
"전국","명란젓 및 창란젓",27,100156,98340,5082
"전국","기타 젓갈류",46,140408,140589,5997
"전국","어류 염장품",39,160660,161370,9515
"전국","냉동 참치",11,282014,277072,23812
"전국","냉동 고등어",43,123999,125065,4709
"전국","동태",22,61517,62997,1872
"전국","기타 어류 및 부산물의 냉동품",60,228436,226363,21846
"전국","갑각류 냉동품",21,79598,77853,7700
"전국","연체동물 냉동품",77,344706,341394,21270
"전국","어육(신선 및 냉동한 것, 등뼈 제거)",81,565810,564634,26508
"전국","비식용 어분",4,20875,21164,745
"전국","기타 수산동물 가공품",10,29058,28856,493
"전국","어류 부산물(신선 및 냉동한 것)",9,30749,30016,1848
"전국","김",291,1566494,1555517,60963
"전국","미역",58,160866,157777,9779
"전국","톳",10,32631,30420,10269
"전국","기타 해조류 가공품",52,136320,130003,13561
"전국","김치",250,1346342,1345997,39580
"전국","단무지",69,306374,305799,7269
"전국","기타 과실 및 채소 절임식품",109,282660,285856,10455
"전국","오렌지원액",1,X,X,X
"전국","농축 과실즙",42,262633,262259,16796
"전국","농축 채소즙",32,156777,155165,15681
"전국","과실주스",23,110170,110141,4464
"전국","채소주스",11,39348,41121,1996
"전국","과실 통조림",14,51246,49625,6089
"전국","잼 및 젤리 통조림",26,174435,175788,10237
"전국","냉동 과실",7,34508,34441,2759
"전국","기타 과실가공품",44,122495,122283,10651
"전국","채소 통조림",7,22765,22739,679
"전국","건조 채소",31,90244,89437,6839
"전국","기타 채소가공품",84,415189,413560,12585
"전국","견과 가공품",34,288614,278845,27584
"전국","식용 지방(육지동물의 것)",6,56878,56502,2322
"전국","비식용 지방(육지동물의 것)",3,42268,41587,928
"전국","수산동물 조유(원유)",4,49312,48795,4161
"전국","동물성 지방 부산물",16,172208,172199,7704
"전국","참기름",36,171613,173174,14802
"전국","들기름",26,30198,29799,1303
"전국","옥수수 원유(압착한 것)",3,14055,14526,2609
"전국","채종유(유채유)",3,23167,22793,1768
"전국","기타 식물성 원유(압착한 것)",10,38999,39803,2135
"전국","대두박",5,386703,394226,975
"전국","기타 식물성 유박",2,X,X,X
"전국","콩기름(대두유)",13,697664,697238,17033
"전국","옥수수기름",7,83948,83896,3223
"전국","올리브유",4,176484,178093,3248
"전국","마아가린",2,X,X,X
"전국","쇼트닝",3,99991,99255,3799
"전국","기타 식물성 정제유 및 가공유",19,247343,248003,8998
"전국","시유",40,2774237,2775128,29051
"전국","연유",6,38529,38839,2874
"전국","조제분유(우유기저)",7,335202,333707,20292
"전국","분유",15,153169,152053,9926
"전국","발효유",50,1569917,1568723,16554
"전국","버터",5,35419,35105,2093
"전국","치즈",36,754836,753251,29354
"전국","기타 낙농제품",23,280071,278103,14057
"전국","아이스크림",38,1029607,1025003,36191
"전국","빙과",12,268349,266936,6941
"전국","쌀(도정한 것)",95,1999350,1996979,21161
"전국","보리쌀(도정한 것)",8,40401,40503,819
"전국","기타 도정 곡물",11,65244,65637,1917
"전국","도정 부산물",10,72489,70667,2866
"전국","밀가루",21,1163070,1170016,27832
"전국","콩가루",7,4615,4620,181
"전국","옥수수가루",8,75006,74911,1131
"전국","기타 곡물가루",61,166395,165069,7307
"전국","소맥피",2,X,X,X
"전국","제분 부산물",2,X,X,X
"전국","곡물 혼합 분말 및 반죽",105,883208,881493,21911
"전국","선식류",23,206093,203711,18669
"전국","앙금류",14,115912,115195,4965
"전국","씨리얼식품",11,244011,242768,8273
"전국","기타 곡물조제식품",63,139632,137966,4490
"전국","고구마전분",9,25402,24611,2345
"전국","옥수수전분",10,257578,258615,10569
"전국","기타 전분제품",13,190921,191855,3263
"전국","포도당",6,67199,67605,2347
"전국","물엿",21,359751,359453,7718
"전국","과당",14,252700,252492,6334
"전국","기타 당류",9,80645,80531,2337
"전국","떡(제조도매)",141,421073,419552,10834
"전국","떡(제조소매)",23,55398,55453,780
"전국","식빵(제조도매)",34,835523,835086,14162
"전국","도넛(제조도매)",15,163389,163428,1468
"전국","피자(제조도매)",4,12497,12736,211
"전국","기타 빵류(제조도매)",212,1508802,1507427,11598
"전국","케이크(제조도매)",73,800950,800707,10373
"전국","코코아 분말",6,17391,17315,740
"전국","초콜릿류",52,769953,768661,16632
"전국","캔디류",61,377517,374600,16409
"전국","껌",5,206275,206462,1321
"전국","미과",36,131882,130988,6394
"전국","스낵류",45,1104985,1103758,21888
"전국","건과자류",73,597213,596557,10640
"전국","기타 곡분과자",33,126904,125411,7108
"전국","원당",1,X,X,X
"전국","정제당",9,1095007,1090859,32009
"전국","국수",68,307048,306377,10408
"전국","당면",10,60397,59818,7035
"전국","냉면",41,235461,235778,3955
"전국","기타 유사국수",18,45668,45034,1864
"전국","라면",19,2342990,2342479,18916
"전국","기타 인스턴트면류",10,66243,66000,1204
"전국","기타 화학조미료",10,160403,161436,5492
"전국","식초",14,142475,143688,4571
"전국","맛소금",2,X,X,X
"전국","고추가루",55,311353,309333,13916
"전국","후추가루",16,53675,54942,1072
"전국","혼합 조미료",87,1151394,1149116,47366
"전국","기타 천연조미료",51,168253,169018,9970
"전국","마요네즈",7,241202,241813,5060
"전국","케찹",8,96696,95941,2951
"전국","카레",3,79408,78934,2742
"전국","기타 혼합조제조미료",187,1467554,1462925,54984
"전국","간장",45,385888,384434,18520
"전국","된장",59,190287,189268,7764
"전국","고추장",55,350263,351238,7910
"전국","춘장",8,36224,36090,699
"전국","메주",16,9132,9095,238
"전국","혼합장",15,34200,34097,752
"전국","기타 장류",48,88039,87851,2321
"전국","커피 크리머",13,133175,131748,7396
"전국","효모",13,34130,34044,947
"전국","가라기난",2,X,X,X
"전국","식품용 색소",13,94718,92415,11288
"전국","기타 식품첨가물",63,420563,414916,25743
"전국","김밥(제조도매)",21,448926,443896,9695
"전국","도시락(제조도매)",164,955158,954971,3245
"전국","냉동만두",47,794294,787559,39717
"전국","기타 냉동조리식품",145,1723884,1727260,69697
"전국","레토르트 식품",66,1134764,1127718,48505
"전국","기타 식사용 조리식품(제조도매)",95,617623,617111,11183
"전국","원두커피",56,401104,400084,11994
"전국","인스턴트 커피",19,621900,612092,53442
"전국","커피믹스",14,596978,602040,17834
"전국","녹차",29,117406,118543,6799
"전국","홍차",12,20589,20350,856
"전국","치커리차, 보리차 및 옥수수차",23,202863,201840,17384
"전국","율무차",13,40309,40670,1541
"전국","유자차",26,196221,192657,19881
"전국","꿀차",5,11850,11810,472
"전국","기타 가공차",72,207136,208244,10349
"전국","조제수프",16,66886,67049,1427
"전국","이유식(우유기저 제외)",15,123418,123093,1692
"전국","음료 베이스",14,375256,372885,7693
"전국","두부",100,520082,519254,5739
"전국","유부",10,67266,67363,394
"전국","기타 묵 및 유사제품",28,65562,65879,1421
"전국","백삼",2,X,X,X
"전국","홍삼",32,310021,306928,106319
"전국","인삼분말",11,48425,46885,5216
"전국","인삼즙",40,285257,289295,29081
"전국","인삼차",15,71939,72637,6530
"전국","인삼과자",14,196636,199265,4130
"전국","기타 인삼기저 식품",11,17095,17517,2548
"전국","건강원제품",12,79235,78607,2158
"전국","기타 건강보조용 액화식품",39,142177,139234,12192
"전국","스쿠알렌식품",1,X,X,X
"전국","효소식품",38,353087,348530,20241
"전국","정제어유가공식품",9,30503,30230,1332
"전국","알로에식품",7,79777,80610,5128
"전국","기타 건강기능식품",99,1722324,1712370,73793
"전국","계란 및 새알 가공품",32,431602,429990,17850
"전국","기타 식품",18,57300,56930,2209
"전국","배합사료(양우용)",112,3453482,3451272,27691
"전국","배합사료(양돈용)",68,2441605,2439227,24851
"전국","배합사료(양계용)",52,1873034,1873717,6562
"전국","배합사료(기타 동물)",52,1091192,1088325,13160
"전국","배합사료(양어용)",17,216280,215578,7808
"전국","애완동물사료",30,365624,365000,7115
"전국","단미사료",21,157420,157812,2391
"전국","사료 첨가제",22,447728,447046,11659
"전국","기타 사료",21,100797,97503,6482
"전국","동물용 조제식품",12,57114,59646,2532
"전국","음료 제조업",460,12065490,12036174,399782
"전국","탁주",37,313132,313286,3487
"전국","약주",7,45744,45500,3229
"전국","맥아",2,X,X,X
"전국","맥주",22,2036050,2021602,49958
"전국","청주",2,X,X,X
"전국","포도주, 샴페인",3,26809,26329,5476
"전국","복분자주",5,20913,20897,1104
"전국","기타 발효주",9,29732,29717,2772
"전국","주정",9,494229,490870,23028
"전국","소주",22,2094887,2095017,22757
"전국","위스키",2,X,X,X
"전국","매실주",2,X,X,X
"전국","기타 증류주 및 합성주",7,13765,13681,2028
"전국","얼음",31,87505,87429,3835
"전국","생수",47,891366,892251,13871
"전국","콜라",7,703638,706510,15694
"전국","사이다",12,509216,509842,15805
"전국","기타 탄산음료",21,651816,652407,24549
"전국","알카리성 이온음료",9,110900,110238,6546
"전국","식물성 섬유음료",12,140485,140121,8577
"전국","인삼음료",29,477320,459186,33012
"전국","과실음료",52,669812,673546,31393
"전국","채소음료",9,40793,40614,3073
"전국","커피 음료",27,879077,880616,24163
"전국","두유",20,399439,401465,16894
"전국","기타 비알콜성 음료",55,1169146,1163191,76034
"전국","담배 제조업",8,3754485,3693989,552349
"전국","담배잎(재건조)",2,X,X,X
"전국","담배",5,3293105,3244623,115395
"전국","기타 궐련",1,X,X,X
"전국","섬유제품 제조업; 의복 제외",2281,15896411,15901181,1216271
"전국","방적용 면",2,X,X,X
"전국","순면사",14,375453,389536,39128
"전국","면혼방사",7,216927,217192,14177
"전국","방적용 모",2,X,X,X
"전국","순소모사",8,29392,31024,7565
"전국","혼방소모사",7,23191,23167,4198
"전국","순방모사",10,102597,102270,18552
"전국","혼방방모사",14,66120,64806,14977
"전국","재생섬유사",14,132260,132472,17534
"전국","순합성섬유사",14,100587,101503,6898
"전국","혼방합성섬유사",56,338031,339077,26019
"전국","재봉사",10,67691,67790,5414
"전국","편물사",15,97595,97680,5690
"전국","커버링사",33,129975,129528,12961
"전국","기타가공사",31,181010,180747,23805
"전국","견사 및 견방사",1,X,X,X
"전국","마사 및 기타 식물성 섬유사",1,X,X,X
"전국","순면직물",40,258348,258638,20205
"전국","혼방면직물",34,248953,250803,17531
"전국","순소모직물",6,55493,54018,12648
"전국","혼방소모직물",7,57208,57326,10365
"전국","순방모직물",4,33010,32658,6684
"전국","혼방방모직물",6,17579,17942,3034
"전국","비스코스직물",7,37215,36725,6607
"전국","아세테이트직물",5,42117,43032,1874
"전국","순합성섬유직물",112,983438,988162,116369
"전국","혼방합성섬유직물",168,989988,995290,104652
"전국","순견직물",12,27630,27382,2605
"전국","혼방견직물",4,24401,24503,3893
"전국","마 및 기타 식물성 직물",3,5693,5697,149
"전국","파일직물",13,238858,228808,20174
"전국","유리섬유직물",7,91408,91322,5788
"전국","기타 특수직물",15,264636,265445,9933
"전국","이불",106,481524,479036,57597
"전국","담요",4,10403,10674,1072
"전국","타월(직물)",26,176576,179067,18172
"전국","침구용 카바",28,137856,135625,10435
"전국","베개 및 유사제품",20,37818,37855,4069
"전국","기타 침구관련제품",21,40570,39676,2625
"전국","자수제품 및 자수용재료",26,43496,43525,1823
"전국","커튼 및 유사제품",78,418763,416235,42649
"전국","텐트",6,42172,42167,3675
"전국","천막 및 덮개(직물)",66,436012,442267,27085
"전국","기타 캔버스제품",9,21047,21395,1112
"전국","직물포대",27,193766,195823,9742
"전국","낙하산",1,X,X,X
"전국","차량의자 카바",73,1139058,1134255,30366
"전국","청소용 포(직물)",24,121437,118017,18965
"전국","가정용품 덮개",2,X,X,X
"전국","기타 직물제품",98,542864,535494,29972
"전국","견편조물",14,157211,161114,10876
"전국","면편조물",19,91123,89795,6765
"전국","인조섬유편조물",61,475647,479329,39421
"전국","기타 편조물",15,54173,53921,3193
"전국","섬유사 염색",33,147182,145204,10643
"전국","직물 염색",127,1138094,1147431,58161
"전국","의복 및 직물제품의 염색",16,58641,57676,6911
"전국","직물원단 날염",38,281023,270498,19054
"전국","의복 및 직물제품의 날염",11,30453,30311,335
"전국","섬유 호부처리",14,53548,53591,910
"전국","섬유 기타 가공",13,36863,37146,885
"전국","카페트",14,104458,103716,6627
"전국","마루덮개 및 유사제품",14,82408,82591,3330
"전국","끈 및 로프(식물성섬유)",9,68556,66670,6887
"전국","끈(합성섬유)",13,34855,34561,1491
"전국","로프(합성섬유)",23,151884,148864,17710
"전국","어망",32,93609,93439,5590
"전국","기타 망",30,146017,146540,4849
"전국","끈가공품",18,62625,62555,1861
"전국","세폭직물",66,223337,223478,8499
"전국","부직포",77,825369,824107,57361
"전국","펠트",31,208118,208165,10575
"전국","부직포 제품",60,498849,494736,22287
"전국","타이어코드 및 타이어직물",5,412379,413177,36609
"전국","고무도포 사",2,X,X,X
"전국","기타 특수사",10,38738,38266,2723
"전국","비닐도포직물",16,100634,100465,4456
"전국","고무도포직물",6,50176,50003,1999
"전국","기타도포 및 적층직물",57,309637,310043,11369
"전국","워딩(솜) 제품",51,404164,408317,14407
"전국","편조제품(의복 및 의복액세서리 제외)",1,X,X,X
"전국","레이스원단 및 망직물(편직된 것)",18,67207,66854,17669
"전국","장식용 트리밍",1,X,X,X
"전국","직물제 필터",39,176411,175714,6794
"전국","기타 섬유제품",30,141266,141169,7562
"전국","의복, 의복 액세서리 및 모피제품 제조업",1562,14239535,14191325,3716039
"전국","남자 및 소년용 정장",48,621626,656133,163693
"전국","남자 및 소년용 코트",2,X,X,X
"전국","남자 및 소년용 자켓 및 점퍼",32,821490,839026,322529
"전국","남자 및 소년용 바지",16,68456,67596,12962
"전국","여자 및 소녀용 정장",143,2051892,2032581,551109
"전국","여자 및 소녀용 코트",20,236911,237471,37055
"전국","여자 및 소녀용 자켓 및 점퍼",75,1915490,1908095,480801
"전국","여자 및 소녀용 치마",23,130853,138455,42098
"전국","여자 및 소녀용 바지",35,70281,68968,14328
"전국","남자 및 소년용 속옷",13,79035,73140,15429
"전국","남자 및 소년용 내복 및 잠옷",4,12222,11749,7044
"전국","여자 및 소녀용 속옷",28,104493,96139,25728
"전국","여자용 보정의류",21,111763,106865,57992
"전국","여자 및 소녀용 내복 및 잠옷",4,10048,9755,2821
"전국","한복",10,10042,11139,3730
"전국","남성용 직물셔츠",69,741824,734577,308073
"전국","남성용 니트셔츠(니트원단 구입)",20,63376,63266,9659
"전국","여성용 직물 블라우스 및 셔츠",119,788032,783535,210839
"전국","여성용 니트 블라우스 및 셔츠(니트원단 구입)",45,443599,463360,20980
"전국","학생용 교복",25,209549,214702,14423
"전국","사무, 작업 및 위생용 의복",157,813114,805553,65207
"전국","운동복",133,1816894,1750838,640011
"전국","남자용 가죽의복",4,30259,29940,1627
"전국","여자용 가죽의복",11,69959,69340,3618
"전국","유아용 의복 및 부속품",56,924771,913978,231868
"전국","기타 봉제의복",41,134900,136064,20324
"전국","천연모피 의복",25,165431,164780,71830
"전국","기타 천연 모피제품",2,X,X,X
"전국","인조모피 제품",1,X,X,X
"전국","남자용 속옷 (편직결합)",5,16316,16240,4610
"전국","여자용 속옷 (편직결합)",10,120533,115741,19113
"전국","유아용 내의(편직결합)",5,55054,56476,1009
"전국","남자용 셔츠(편직결합)",16,210870,213108,64676
"전국","여자용 셔츠 및 브라우스(편직결합)",26,84897,85086,8148
"전국","남자용 스웨터(편직결합)",18,64024,61988,9095
"전국","여자용 스웨터(편직결합)",39,203889,200217,76103
"전국","기타 남성용 편조 외의(편직결합)",4,22028,26044,9098
"전국","기타 여성용 편조 외의(편직결합)",7,116899,115525,35688
"전국","스타킹",15,52380,50495,15349
"전국","양말",37,179178,181581,19214
"전국","장갑(편직결합)",52,215496,215242,16083
"전국","기타 편조제품",9,16891,16776,1149
"전국","모자",33,107618,111162,12028
"전국","섬유 장갑",17,61259,63257,5111
"전국","가죽 장갑",6,17957,17689,12152
"전국","넥타이",5,21205,20601,8813
"전국","목도리",1,X,X,X
"전국","스카프",11,57004,64320,29471
"전국","벨트(허리띠)",10,15277,15827,2332
"전국","손수건",5,31162,30750,15293
"전국","기타 의복악세서리",17,23589,26181,8132
"전국","의류 부분품",32,90957,91919,6380
"전국","가죽, 가방 및 신발 제조업",643,4677481,4653278,513179
"전국","소가죽",43,868439,867039,62180
"전국","돼지가죽",2,X,X,X
"전국","면양 또는 산양(염소)의 가죽",1,X,X,X
"전국","기타 동물가죽",2,X,X,X
"전국","재생가죽",2,X,X,X
"전국","기타 특수가공가죽",7,35185,34827,2298
"전국","천연모피(유연처리 또는 완성가공한 것)",1,X,X,X
"전국","인조모피",1,X,X,X
"전국","핸드백",45,988754,991367,99650
"전국","지갑",23,108512,110278,13685
"전국","서류가방",5,24613,24561,555
"전국","여행용 가방",9,17502,16984,2971
"전국","학생용 가방",5,9928,9850,1651
"전국","등산용 배낭",3,30289,30505,7959
"전국","기타 가방",28,53479,53511,5469
"전국","케이스(가죽 및 섬유제)",35,146179,146434,6503
"전국","산업용 가죽제품",3,26738,26766,116
"전국","가정용 가죽제품",16,97569,97777,2680
"전국","남자용 구두(단화 포함)",55,343579,347797,73205
"전국","여자용 구두(단화 포함)",108,513465,502083,100420
"전국","아동용 구두(단화 포함)",3,8018,8296,2607
"전국","가죽 장화",8,17712,17541,1586
"전국","고무장화",11,29672,29119,2148
"전국","프라스틱 및 고무제 운동화",3,24098,24528,2390
"전국","기타 플라스틱 및 고무제 신발",7,12445,12319,2573
"전국","직물슬리퍼",2,X,X,X
"전국","플라스틱 및 고무 슬리퍼",16,50280,49829,6251
"전국","가죽 슬리퍼",2,X,X,X
"전국","운동화",39,390441,388971,21397
"전국","가죽 등산화",10,375339,371575,48704
"전국","가죽 샌달",8,34445,34284,1887
"전국","기타 직물갑피제 또는 가죽갑피제 신발",24,104952,99689,14301
"전국","스포츠화",5,13193,12567,1832
"전국","기타 재료제의 신발",1,X,X,X
"전국","가죽제 신발부분품",24,84753,84135,4168
"전국","플라스틱 및 고무제 운동화부분품",37,106476,105677,5142
"전국","기타 플라스틱 및 고무제 신발부분품",33,77913,77200,3991
"전국","기타 재료제의 신발부분품",16,28707,28177,2431
"전국","목재 및 나무제품 제조업; 가구 제외",947,5575539,5559394,290704
"전국","소각재",12,52835,51152,4098
"전국","각재",87,462112,466322,26758
"전국","판재",31,111011,110708,9845
"전국","제재부산물",23,54976,54771,2367
"전국","마루용 판재",17,238706,239016,17759
"전국","우드몰딩",20,63084,62537,7124
"전국","목모와 목분",15,35410,35068,897
"전국","칩상 또는 삭편상의 목재",24,116827,116356,1983
"전국","기타 표면가공목재",17,57177,56622,3885
"전국","표면처리 및 방부처리목재",41,236945,237040,7326
"전국","단판",3,35173,35218,626
"전국","일반 합판",21,290825,295347,16489
"전국","가공합판",45,451685,451416,21921
"전국","파티클보드(PB)",11,348507,340919,21960
"전국","MDF(중밀도섬유판)",16,398731,393267,32623
"전국","강화마루",10,144148,138738,19246
"전국","재생목재",13,115217,115431,7267
"전국","목제의 창문 및 창문틀",21,118726,118006,2985
"전국","목제의 문 및 문틀",61,505478,503411,16849
"전국","목제 패널",47,265923,267521,20182
"전국","목제의 건물 부착물",31,131192,131836,2029
"전국","목제 깔판류 및 기타 적재용 판",153,635793,633331,27015
"전국","목제통 및 관련 부품",9,42354,42557,673
"전국","목제의 포장 및 운반용 상자",135,431435,432822,9807
"전국","목제의 케이블드럼",8,31834,31783,339
"전국","목제도구 및 부품",5,10638,10509,131
"전국","주방용 또는 식탁용 목제품",11,24746,24728,2321
"전국","목제 그림틀 및 사진틀",5,9200,9223,421
"전국","기타 장식용 목제품",6,13941,13712,423
"전국","장의용 목관",6,13078,12970,1451
"전국","기타 목제품",35,118075,117372,3552
"전국","콜크 및 콜크제품",3,X,X,X
"전국","대나무 돗자리",3,5290,5279,194
"전국","기타 조물제품",2,X,X,X
"전국","펄프, 종이 및 종이제품 제조업",1928,23008973,23064420,923099
"전국","화학펄프",2,X,X,X
"전국","기타 펄프",1,X,X,X
"전국","신문용지",10,766288,777563,16945
"전국","백상지",9,1454364,1453066,80231
"전국","중질지",7,257351,244872,15582
"전국","인쇄용 박엽지",11,131161,126735,20454
"전국","아트지",11,1221630,1219765,82844
"전국","정보용지",18,738619,739519,60526
"전국","지폐용지",1,X,X,X
"전국","수제지",5,13422,13268,938
"전국","기타 인쇄 및 필기용지",19,51331,51787,8076
"전국","크라프트지",14,191164,188703,20320
"전국","골판지원지",30,2426071,2431736,74025
"전국","백판지",7,782076,795896,31479
"전국","기타 판지",3,16581,16810,1888
"전국","적층가공지(박지)",47,553328,555386,43282
"전국","포장지",46,381501,380914,17660
"전국","접착지",29,187372,189805,8049
"전국","기타 가공지",25,120804,120483,11789
"전국","위생용지",18,311137,316927,13641
"전국","기타위생용지",3,63571,64259,3780
"전국","기타 종이 및 판지",9,86102,85876,3475
"전국","골판지",46,951008,950409,13098
"전국","골판지 상자",534,4390854,4401774,94232
"전국","기타 골판지제 관련제품",12,31445,31588,896
"전국","종이 포대",35,251812,251990,7210
"전국","종이 가방",35,190743,191371,6832
"전국","판지상자 및 용기",127,674471,674043,17418
"전국","식품위생용 종이상자",34,254543,255011,5846
"전국","식품용 종이용기",29,407398,405806,14353
"전국","기타 종이상자 및 용기(판지 및 골판지 이외)",90,414352,414693,10656
"전국","지관(판지 및 골판지 이외)",79,278368,278642,6507
"전국","전자복사기용지(소매용)",26,64143,64182,1229
"전국","노트류",34,200938,198094,21023
"전국","컴퓨터용지",23,115577,115297,4211
"전국","앨범",15,47115,46815,1724
"전국","바인더",17,50579,50519,2573
"전국","사무용 봉투",18,61426,61478,642
"전국","장부류",2,X,X,X
"전국","기타 문구용 종이제품",32,91942,91064,7741
"전국","화장지",97,1193983,1204661,36504
"전국","종이 타월",84,667850,666897,27257
"전국","종이 생리대",12,363918,366874,16052
"전국","종이 기저귀",18,644614,643895,24076
"전국","기타 위생용 종이제품",4,11997,11579,661
"전국","종이벽지",25,274408,277307,26089
"전국","직물벽지",6,153635,154629,9680
"전국","장판지",1,X,X,X
"전국","여과지",17,265736,272643,4463
"전국","종이 라벨",75,659340,659496,14406
"전국","식품용 종이제품(용기 및 상자 제외)",52,272699,274263,10405
"전국","기타 종이 및 판지제품",24,76119,76179,2674
"전국","인쇄 및 기록매체 복제업",121,567959,568429,17575
"전국","인쇄판",112,534448,534961,16307
"전국","오디오 복제물",7,X,X,X
"전국","기타 기록매체 복제물",2,X,X,X
"전국","코크스, 연탄 및 석유정제품 제조업",249,113667681,113581814,3052319
"전국","석탄코크스",7,X,X,X
"전국","콜타르(조상의 것)",3,105044,105044,0
"전국","연탄",20,82574,82594,37
"전국","휘발유",5,15855146,15812517,409295
"전국","제트유",8,16320343,16308183,343541
"전국","등유",6,2757883,2735568,174881
"전국","경유",7,37126638,37149630,689043
"전국","경질중유(벙커A유)",2,X,X,X
"전국","중유(벙커B유)",4,417223,412664,69599
"전국","벙커C유",7,7146114,7110240,305721
"전국","나프타",6,16254676,16315359,202278
"전국","솔벤트",9,1688408,1684839,76089
"전국","윤활기유",6,5728145,5693759,365670
"전국","프로판가스",14,1219556,1223593,28693
"전국","부탄가스",9,2310312,2324422,28407
"전국","윤활유(석유기저)",50,2821043,2811698,129444
"전국","그리스(석유기저)",11,93077,92645,8662
"전국","재생 윤활유 및 그리스",15,114132,109360,11480
"전국","파라핀",5,147847,147810,5031
"전국","아스팔트",8,2368174,2371502,42602
"전국","재생유",38,532351,525293,32772
"전국","기타 석유정제품",9,421130,415191,95388
"전국","화학 물질 및 화학제품 제조업; 의약품 제외",4647,161981436,161874422,7998031
"전국","혼합부탄",6,206529,208324,7321
"전국","에틸렌",9,4074214,4077920,47534
"전국","프로필렌",15,5130921,5133039,57049
"전국","부타디엔",8,1460955,1452515,35815
"전국","기타 비환식 탄화수소",4,341709,342753,8267
"전국","알킬벤젠",2,X,X,X
"전국","벤젠",16,5398816,5378291,113736
"전국","톨루엔",14,898071,889108,58041
"전국","디니트로톨루엔(DNT)",2,X,X,X
"전국","파라자일렌(P-X)",8,13075514,13108856,139045
"전국","올소자일렌",2,X,X,X
"전국","스티렌모노머(SM)",7,3942434,3954334,77139
"전국","자일렌(Xylene)",11,1880306,1858074,60134
"전국","기타 환식탄화수소",2,X,X,X
"전국","이염화에틸렌(EDC)",3,534738,532460,7608
"전국","염화비닐모노머(VCM)",3,941061,943292,8510
"전국","기타 탄화수소 유도체",5,837200,820913,44266
"전국","숯",5,16201,16498,1068
"전국","기타 검 및 나무화합물",15,100125,98265,9358
"전국","콜타르피치",5,226403,220032,26485
"전국","석탄 화학물",6,152227,151705,17445
"전국","부탄올",3,124516,124432,2645
"전국","옥탄올(2-EH)",3,321688,313843,12612
"전국","메탄올",4,7125,7153,66
"전국","에틸알콜(공업용)",3,105304,104798,10669
"전국","에틸렌글리콜(EG)",8,1288762,1304020,45198
"전국","프로필렌글리콜(PG)",1,X,X,X
"전국","폴리프로필렌글리콜(PPG)",4,1205260,1206113,58830
"전국","페놀",3,401857,401885,19203
"전국","기타 알코올 및 관련 유도체",7,139460,115327,27929
"전국","공업용 지방산",2,X,X,X
"전국","초산",3,175770,180841,21547
"전국","초산에틸",2,X,X,X
"전국","아크릴산",2,X,X,X
"전국","무수마레인산",3,57267,57763,1171
"전국","무수프탈산(PA)",5,287938,291060,8596
"전국","테레프탈산(TPA)",6,3696146,3716894,52628
"전국","메틸메타크릴레이트(MMA)",7,475131,481353,23952
"전국","아크릴레이트",8,467651,457626,37304
"전국","기타 카르복실산 및 그 유도체",5,133982,130619,23617
"전국","메틸터셔리부틸에테르(MTBE)",5,389280,385747,20635
"전국","아민",4,115743,115465,8814
"전국","아크릴로니트릴(AN)",2,X,X,X
"전국","톨루엔 디이소시아네이트(TDI)",3,861480,862351,47097
"전국","메틸렌 디페닐 디이소시아네이트((MDI)",3,1151851,1162068,53420
"전국","카프로락탐(CPLM)",1,X,X,X
"전국","아세톤",5,257558,233650,41112
"전국","가소제",12,1050082,1063209,36748
"전국","ECH(에피클로로히드린)",2,X,X,X
"전국","산화프로필렌(PO)",2,X,X,X
"전국","초산비닐",1,X,X,X
"전국","아디핀산",1,X,X,X
"전국","BPA(비스페놀A)",3,1009275,1011610,22311
"전국","고순도이소프탈산",1,X,X,X
"전국","폴리테트라 메틸렌 에테르 글리콜(PTMEG)",2,X,X,X
"전국","포르말린",2,X,X,X
"전국","기타 기초유기화합물",32,1390542,1384377,101890
"전국","수소(Hydrogen)",43,1332286,1332389,10884
"전국","질소(Nitrogen)",81,1349301,1347326,20275
"전국","산소(Oxygen)",83,558445,554312,14828
"전국","아세틸렌가스",6,41043,41056,287
"전국","이산화탄소",43,176060,175797,2538
"전국","아르곤가스",59,261310,262965,5045
"전국","희소가스",2,X,X,X
"전국","기타산업용가스",70,849045,846742,14963
"전국","구입한 압축 및 액화가스의 정제",6,125556,124376,4895
"전국","염소",4,164305,164435,927
"전국","염산",14,112145,112325,2065
"전국","수산화나트륨(가성소다)",15,1105598,1099355,30268
"전국","염소산나트륨",4,9722,9412,1198
"전국","기타 가성소다",15,381198,381277,4783
"전국","소다회",2,X,X,X
"전국","기타 소다공업제품",8,134693,136866,5256
"전국","카본블랙",7,823830,827829,50604
"전국","화이트카본",1,X,X,X
"전국","이산화규소",1,X,X,X
"전국","과산화수소",13,532637,531786,11702
"전국","황",9,260443,262545,4682
"전국","오산화인",4,13018,13398,854
"전국","기타 비금속화합물",15,78897,79386,5421
"전국","황산",18,360993,357389,14057
"전국","인산",10,95235,94508,4615
"전국","기타 무기산",3,34757,35005,817
"전국","황산알루미늄",15,89425,89902,2864
"전국","황산마그네슘",2,X,X,X
"전국","탄산칼슘",25,264292,264155,4711
"전국","규산소다",11,67364,67168,2175
"전국","시안화나트륨",3,158811,158903,6015
"전국","수산화알루미늄",3,90357,84051,12074
"전국","탄산칼륨",1,X,X,X
"전국","기타 칼륨염",2,X,X,X
"전국","기타 금속 무기화합물",38,270120,265531,23092
"전국","핵연료",1,X,X,X
"전국","폴리실리콘",8,836284,853365,27917
"전국","잉곳 및 웨이퍼(태양전지용)",3,35015,41735,595
"전국","아연화",12,280231,278714,28213
"전국","산화티타늄",3,102287,102793,1374
"전국","산화철",6,61093,61151,871
"전국","기타 무기안료",10,92457,93442,7300
"전국","천연색소",2,X,X,X
"전국","유연제",17,81129,81100,4100
"전국","분산염료",10,131819,130419,13801
"전국","산성 및 매염염료",7,44619,43476,7927
"전국","직접염료",6,43587,41678,7971
"전국","반응성염료",4,129613,128959,6770
"전국","형광염료",5,44719,44413,3812
"전국","플라스틱착색제(마스터배치)",53,492577,491828,35220
"전국","색소중간착색제",8,73197,74006,2857
"전국","기타 합성염료",11,83226,81516,7687
"전국","레이크계 안료",5,111472,111906,19981
"전국","색소안료",15,250913,248614,33746
"전국","SBR",7,457215,461550,42593
"전국","BR",6,1080391,1085110,58693
"전국","SB라텍스",7,1828801,1818348,44526
"전국","기타 합성고무",30,979291,992297,101030
"전국","고밀도폴리에틸렌(HDPE)",18,3686369,3685461,244150
"전국","저밀도폴리에틸렌(LDPE)",17,3834693,3834218,195611
"전국","폴리스티렌(PS)",19,1612971,1628435,70664
"전국","ABS수지",17,3667883,3660810,194546
"전국","PVC수지",30,1751929,1762290,67505
"전국","폴리프로필렌(PP)",40,8330789,8358268,391617
"전국","에폭시수지",26,1584705,1580704,120013
"전국","실리콘수지",31,969972,982677,65178
"전국","불포화폴리에스터수지",13,588288,589627,50458
"전국","선형폴리에스터수지",11,1182877,1196812,73926
"전국","아크릴수지(PMMA)",15,732692,723501,43582
"전국","요소수지",8,63002,63118,782
"전국","멜라민수지",7,87904,88463,3874
"전국","페놀수지",7,178084,179868,9982
"전국","폴리우레탄",41,750789,751933,32063
"전국","엔지니어링플라스틱수지",33,4342599,4316400,247197
"전국","석유수지",2,X,X,X
"전국","PETG수지",2,X,X,X
"전국","셀룰로스 에테르",1,X,X,X
"전국","K-RESIN",1,X,X,X
"전국","폴리에틸렌테레프탈레이트(PET)",17,644786,649639,17034
"전국","기타 합성수지",57,1610465,1618312,131322
"전국","구입한 수지의 배합물",81,1301202,1300368,73799
"전국","재생수지",140,930942,922034,45150
"전국","질산",5,140263,139783,5275
"전국","암모니아",9,345394,350596,21554
"전국","요소",2,X,X,X
"전국","황산암모늄",2,X,X,X
"전국","기타 질소비료",7,28541,25958,4279
"전국","인산비료",1,X,X,X
"전국","기타 칼륨비료",1,X,X,X
"전국","복합비료",33,912389,903699,122274
"전국","기타 화학비료",11,56939,56963,1011
"전국","유기질비료",115,619410,608852,75375
"전국","기타비료",31,156951,146932,62132
"전국","가정용 화학 살균 및 살충제",31,287781,287078,15800
"전국","화학 살충제(농업용)",19,532704,517849,151367
"전국","화학 살균제(농업용)",17,405107,400032,105262
"전국","화학 제초제(농업용)",14,219739,214443,124329
"전국","화학 생장조절제",4,20571,21129,1266
"전국","기타 화학 살균, 살충제 및 농업용 약제",6,47003,45919,7636
"전국","가정용 생물 살균 및 살충제",8,21701,21534,1019
"전국","생물 살충체(농업용)",6,32780,32465,23086
"전국","생물 살균제(농업용)",4,17197,17226,250
"전국","생물 제초제(농업용)",2,X,X,X
"전국","식물보호제",2,X,X,X
"전국","기타 생물 살균, 살충제 및 식물보호제",5,13861,10574,9679
"전국","유성 페인트",55,1846989,1845622,110620
"전국","수성 페인트",26,227831,227102,14258
"전국","에나멜페인트",14,96843,97732,6854
"전국","락카",12,84052,84045,4625
"전국","우레탄도료",30,366386,367169,20774
"전국","아크릴도료",11,440243,434899,44554
"전국","에폭시도료",25,336773,336161,21756
"전국","기타 합성수지 도료",22,409531,409140,22890
"전국","도료충전제",14,229518,231299,14286
"전국","EMC(에폭시몰딩컴파운드)",5,234390,236646,11130
"전국","시너(Thinner)",37,243772,241764,11886
"전국","기타 도료 및 관련제품",46,226824,227354,18066
"전국","요업용 도포제",17,99864,100295,5342
"전국","옵셋 잉크",17,294197,293187,16805
"전국","그라비아 잉크",26,274660,275019,14242
"전국","디지털 잉크",15,88219,87158,4870
"전국","기타 잉크",21,80936,80885,2221
"전국","그림물감",9,32335,32016,4457
"전국","유기계면활성제",57,1452506,1445781,99200
"전국","조제계면활성제",18,285309,283442,17323
"전국","화장 비누",59,262110,261817,14156
"전국","세탁 비누",10,23238,23537,1340
"전국","공업용 비누",2,X,X,X
"전국","세탁용 합성세제",44,598179,598535,25332
"전국","주방용 합성세제",47,318798,317337,18027
"전국","기타 세제",36,95041,94461,4720
"전국","치약",26,219801,217358,27805
"전국","글리세린",6,45019,39243,6585
"전국","화운데이션",37,769659,771377,23943
"전국","크림",112,2540607,2526039,106510
"전국","로션 및 오일",212,4707466,4682341,169130
"전국","루즈",31,261348,263238,9573
"전국","볼터치",5,53142,52114,9350
"전국","아이세도우",21,423042,422987,8152
"전국","샴푸",74,522881,526430,38736
"전국","린스",21,34867,34492,1776
"전국","염색약",27,122629,121365,9492
"전국","기타 두발용조제품",39,253095,253553,13918
"전국","파우다",16,162038,163036,19624
"전국","향수",8,21931,23197,504
"전국","화장수",69,614059,620502,38467
"전국","콜롱",1,X,X,X
"전국","매니큐어 및 제거제",14,30532,31448,1426
"전국","헤어스프레이 및 무스",6,6537,6483,250
"전국","기타 화장품",188,1950031,1932634,120082
"전국","실내용 가향제",34,114351,113794,6213
"전국","왁스",14,84671,84910,2825
"전국","구두약",3,3276,3250,353
"전국","기타 광택제",14,59276,59534,3529
"전국","PS인쇄판",6,81423,81124,1126
"전국","사진용 감광성 필름, 판 및 종이",16,464884,469755,24730
"전국","토너 및 토너카트리지",25,44858,43922,3612
"전국","사진용 화학물질",9,207866,204524,18424
"전국","가공 및 정제염",12,83895,84491,1620
"전국","천연 접착제",23,203330,203023,10550
"전국","합성수지 접착제",141,1724778,1725647,84648
"전국","젤라틴",5,162383,166150,14659
"전국","화약 및 폭약",9,358415,360602,11600
"전국","도화선 및 뇌관(화약용)",5,86745,83905,6472
"전국","폭죽 및 조명탄",7,23200,22074,2537
"전국","바이오 디젤",16,771616,813149,29021
"전국","바이오 에탄올",2,X,X,X
"전국","기타 바이오 연료 및 혼합물",4,29822,29314,5063
"전국","방향유",21,165022,164394,15606
"전국","반도체용 식각제",44,2301330,2324877,189253
"전국","PR(포토레지스터)",18,1369482,1376797,71963
"전국","액정(liquid crystal)",8,523433,505364,113809
"전국","기타 전자공업용 화학화합물",22,445498,439352,39140
"전국","자동차용 화합물",18,471372,476430,15666
"전국","콘크리트경화제",32,498220,505152,12459
"전국","필기용 잉크",3,25956,25681,3053
"전국","조제윤활제",26,202184,204020,6692
"전국","미생물 배양제",10,94093,94090,1846
"전국","가황촉진제",4,63424,63200,4672
"전국","산화방지제(고무·플라스틱용)",20,610131,611893,48778
"전국","금속표면처리용 화합물",65,1290957,1297373,50749
"전국","발포 및 소포제",11,183563,185011,7041
"전국","방수액",19,197465,197717,9929
"전국","활성탄",17,91788,90607,8662
"전국","제올라이트",6,50519,44803,11654
"전국","수처리제",29,313939,315077,8649
"전국","휴대용 연료",2,X,X,X
"전국","리튬코발트산화물",3,709407,712733,71109
"전국","부동액",1,X,X,X
"전국","자동차촉매",5,1674413,1635243,190100
"전국","안정제(고무·플라스틱용)",20,470069,467159,54371
"전국","기타 화학제품",99,1312693,1302057,76578
"전국","폴리아미드섬유",12,1094850,1088323,92844
"전국","폴리에스터섬유",31,1751604,1770871,165235
"전국","스판덱스섬유",6,280343,282384,45944
"전국","아크릴릭섬유",1,X,X,X
"전국","기타 합성스테이플섬유",2,X,X,X
"전국","아세테이트섬유",1,X,X,X
"전국","재생장섬유토우",4,40113,40151,6722
"전국","기타 재생섬유",5,69440,61393,9422
"전국","의료용 물질 및 의약품 제조업",635,21594549,21441408,1971747
"전국","의약품 원료",89,2051237,2065138,246388
"전국","백신",9,371974,372262,12061
"전국","기타 생물학적 제제",17,596160,581348,42875
"전국","의약품제제",238,16440258,16290942,1531163
"전국","한의약품",67,512060,509801,33947
"전국","동물용 약제품",44,557065,563406,39201
"전국","탈지면, 거즈, 붕대 및 유사제품",66,325860,320490,19246
"전국","진단용 시약(의료용)",46,502914,503030,28642
"전국","기타 의약관련제품",59,237021,234991,18224
"전국","고무 및 플라스틱제품 제조업",6607,67818919,67789616,2977600
"전국","승용차타이어",8,5809856,5793611,239987
"전국","버스 및 화물차 타이어",5,422105,427436,39906
"전국","모터사이클타이어",2,X,X,X
"전국","기타 자동차 타이어",6,49318,49588,2044
"전국","자동차 튜브",7,187597,190898,8822
"전국","자전거 타이어",2,X,X,X
"전국","기타 비동력식 차량의 타이어 및 튜브",2,X,X,X
"전국","타이어 및 튜브 부속품",13,113096,112934,6629
"전국","재생 타이어",9,59247,59479,4477
"전국","고무패킹",305,1786256,1782204,68883
"전국","재생고무",6,45285,44780,2462
"전국","배합고무",31,561349,562018,15176
"전국","방진고무",68,1262330,1260307,35897
"전국","공업용 고무롤",21,99998,99476,2125
"전국","공업용 고무판",19,104896,104107,5627
"전국","고무 관 및 파이프",8,125515,125351,1029
"전국","고무호스",70,880255,883992,26753
"전국","고무벨트",24,275351,270306,23100
"전국","고무직물",2,X,X,X
"전국","기타 산업용 고무제품",63,343385,341814,25812
"전국","고무 장갑",11,81214,79916,8041
"전국","피임용 기구(고무제)",2,X,X,X
"전국","고무젖꼭지",4,6617,6640,390
"전국","기타 위생용 고무제품",20,51676,50487,8181
"전국","고무 매트",64,295975,294551,12388
"전국","고무 보트",3,28120,28420,646
"전국","고무줄 및 밴드",18,55122,55091,2121
"전국","고무 자석",3,5559,5602,101
"전국","고무스펀지 및 발포성제품",46,298514,300453,12266
"전국","기타 고무제품",47,108366,107625,7528
"전국","플라스틱 프로파일",58,328251,328939,24251
"전국","플라스틱 샤시바",32,643501,641615,40981
"전국","플라스틱 파이프",144,1177636,1171886,117121
"전국","플라스틱 호스",62,295647,292158,30626
"전국","플라스틱 연결구류",80,413622,409173,31058
"전국","폴리에틸렌(PE)필름",168,2008029,2025344,150195
"전국","폴리프로필렌(PP)필름",54,869226,867247,53124
"전국","폴리에스터(PET)필름",76,2245563,2253514,202022
"전국","플라스틱필름(포장용)",149,1274011,1269712,76837
"전국","폴리염화비닐(PVC)필름",61,770210,766216,31260
"전국","폴리스티렌(PS)필름",14,63445,64371,7207
"전국","플라스틱필름(포장용 제외)",85,1288435,1307910,92469
"전국","플라스틱 시트 및 판(포장용)",123,1227281,1232153,52038
"전국","플라스틱 시트 및 판(포장용 제외)",99,656193,650182,45919
"전국","합성피혁",41,774196,773314,35067
"전국","플라스틱장판",21,451710,460250,38522
"전국","플라스틱벽지",10,46069,44573,6686
"전국","플라스틱 타일",50,1087704,1082775,40879
"전국","설치용 및 위생용 플라스틱제품",161,983369,980870,41957
"전국","플라스틱 창문 및 문",258,1498217,1497072,62408
"전국","기타 건축용 플라스틱 조립제품",122,620600,617043,40558
"전국","플라스틱 봉투",298,1842935,1837560,72288
"전국","플라스틱 병",150,1960345,1959148,82825
"전국","플라스틱 뚜껑",116,677517,676421,28319
"전국","기타 플라스틱 포장용기",519,3805872,3800222,139903
"전국","운송장비용 플라스틱제품",763,12218685,12235144,286331
"전국","Key Pad",27,207995,208550,3984
"전국","핸드폰케이스",65,725650,728560,26045
"전국","전기 및 전자기기용 플라스틱제품",262,2584386,2586071,69737
"전국","기타 기계용 플라스틱제품",234,1146935,1142603,27900
"전국","폴리스티렌 발포제품",303,2554951,2562737,88206
"전국","우레탄 발포제품",123,1230078,1225190,42229
"전국","기타 플라스틱 발포제품",53,173236,173401,8350
"전국","접착테이프",266,2966949,2945415,116986
"전국","플라스틱 적층품",175,1525224,1516884,80366
"전국","플라스틱 주방용품",147,836765,835907,47903
"전국","가구용 플라스틱제품",26,180697,180876,6938
"전국","오토바이용 헬멧",9,141776,140723,2819
"전국","플라스틱 헬멧",21,107532,107130,3196
"전국","플라스틱 사무 및 문구용품",32,116375,117707,5527
"전국","플라스틱 자석",5,17568,17662,776
"전국","기타 플라스틱 제품",256,922139,921368,50204
"전국","비금속 광물제품 제조업",3083,34039375,34026717,1482887
"전국","판유리",14,543623,567631,113803
"전국","차량용 안전유리",19,741911,741926,37408
"전국","건축용 안전유리",104,569114,567983,18492
"전국","차량용 거울",22,638965,637998,12670
"전국","유리거울(차량용 제외)",20,55176,54975,2207
"전국","복층절연유리",83,345514,344591,7155
"전국","기타 판유리 가공품",62,299108,295592,17030
"전국","유리장섬유",6,165750,156557,30149
"전국","유리단섬유",4,158331,157492,4700
"전국","유리섬유 제품(직물제외)",43,332559,332063,28180
"전국","기타 1차 유리제품",3,23126,19165,9819
"전국","브라운관용 유리",2,X,X,X
"전국","LCD용 유리",24,2882064,2873030,68457
"전국","OLED용 유리",6,305862,306113,8295
"전국","투명전도막 코팅유리",10,91110,92007,5472
"전국","태양전지용 유리",3,4244,4228,38
"전국","PDP용 유리",1,X,X,X
"전국","전등용 유리",6,12836,12439,978
"전국","기타 산업용 유리제품",8,75103,73694,5086
"전국","가정용 유리제품",11,98140,110260,8927
"전국","일반 유리용기",32,658316,664485,47262
"전국","실험실용 및 약물 포장용 유리용기",14,139878,140612,5490
"전국","기타 유리제품",6,8269,7301,2702
"전국","내화벽돌 및 블록",18,400517,396973,38960
"전국","내화타일",7,49524,49684,4146
"전국","내화도가니",1,X,X,X
"전국","기타 정형 내화 요업제품",11,103770,101984,6613
"전국","내화시멘트",9,186426,192761,12321
"전국","기타 부정형 내화 요업제품",20,414460,409606,23696
"전국","토기제품",3,5688,5697,414
"전국","가정용 도자기",33,94144,90773,31218
"전국","장식용 도자기",1,X,X,X
"전국","세면기",9,61327,57273,15392
"전국","변기",8,91371,83276,21729
"전국","욕조",6,23971,22697,3495
"전국","기타 위생도기제품",9,28244,27280,5186
"전국","전기용 도자기",20,191809,192431,17934
"전국","세라믹제 및 페라이트 자석",18,151287,149932,15091
"전국","페라이트 코아(철심)",7,114429,113738,4789
"전국","기타 산업용 도자기",10,35697,35107,1793
"전국","도자기 제조용 분말",7,25484,25220,915
"전국","기타 일반도자기",2,X,X,X
"전국","점토벽돌",27,179739,167511,56142
"전국","점토기와",9,21655,22345,5144
"전국","점토타일",22,287529,273743,84758
"전국","건축용 비내화 요업제품",3,6583,6340,338
"전국","기타 건축용 비내화 요업제품",1,X,X,X
"전국","시멘트 클링커",10,418175,417947,16775
"전국","보통 포틀랜드시멘트",23,1475368,1476403,10188
"전국","백색시멘트",7,83475,83387,1051
"전국","기타 포틀랜드 시멘트",10,802516,801966,2175
"전국","알루미나시멘트",2,X,X,X
"전국","고로슬래그시멘트",20,749868,749366,11175
"전국","기타 수경성 시멘트",9,53135,51665,1717
"전국","생석회",22,535445,534939,9632
"전국","소석회",13,68673,68530,972
"전국","기타 석회",6,24401,24101,780
"전국","플라스터",4,29018,29103,516
"전국","비내화 모르타르",41,677198,677354,7308
"전국","레미콘",876,9691221,9693526,51229
"전국","석고보드",7,489027,489063,14122
"전국","기타 석고 제품",4,32563,31977,1762
"전국","콘크리트 블록",183,695661,697811,59109
"전국","콘크리트 벽돌",33,97382,96587,5417
"전국","콘크리트 타일",18,67877,66638,5584
"전국","콘크리트 기와",5,11792,12334,2038
"전국","인조대리석",45,944501,939817,47117
"전국","콘크리트 벽면",18,219116,219718,13232
"전국","조립식 건축자재(콘크리트제)",23,298510,301911,32507
"전국","콘크리트 파일",34,526064,537708,61517
"전국","콘크리트 전주",22,163047,167478,10299
"전국","흄관 및 VR관",49,178401,176933,36465
"전국","기타 콘크리트관",139,611778,612222,83793
"전국","기타 조립구조재",54,192035,192247,22498
"전국","기타 콘크리트, 시멘트제품",15,83264,75601,9710
"전국","건설용 석제품",71,279072,278362,20242
"전국","착색 가공석제품(건설용)",7,33418,33342,866
"전국","기념석",6,20391,20410,487
"전국","건물석",5,24455,24277,1202
"전국","포장석",2,X,X,X
"전국","기타 석재 가공품",15,42626,43055,4862
"전국","아스팔트 콘크리트 및 혼합제품",207,1275682,1274044,19429
"전국","연마휠",13,61990,61236,2336
"전국","연마석",25,133616,134463,10173
"전국","연마지 및 포",25,385316,386010,20533
"전국","활석분",8,122455,122160,5532
"전국","규석분",10,79441,79676,4552
"전국","기타 비금속광물 분쇄물",78,472471,473522,12378
"전국","브레이크라이닝",6,8982,9459,487
"전국","암면 및 유사제품",47,413242,416066,25443
"전국","탄소섬유",10,247192,264139,14443
"전국","아스팔트성형제품",10,94989,94878,7785
"전국","흑연 및 탄소제품(비전기용)",15,116856,116632,15777
"전국","석면제품",13,65458,65058,3490
"전국","인공골재",16,87905,87936,3825
"전국","모래주형(중자포함)",30,129204,128485,2963
"전국","기타 비금속광물제품",8,57305,56981,1620
"전국","1차 금속 제조업",2945,135282052,135407612,6973594
"전국","제강용선철",2,X,X,X
"전국","주물용선철",3,119054,104026,29780
"전국","제철소 부산물",3,390310,383051,26317
"전국","슬래브",8,678518,741216,126623
"전국","블룸 및 쉬트바",2,X,X,X
"전국","빌렛",9,508190,505566,24619
"전국","강괴",2,X,X,X
"전국","망간철",2,X,X,X
"전국","합금철(페로얼로이)",22,2267298,2263027,180950
"전국","철분(철분쇄물)",13,185685,185123,4294
"전국","봉강(보통강)",19,1134855,1141042,65930
"전국","봉강(특수강)",17,1780912,1799625,187977
"전국","봉강(스테인리스강)",12,1481238,1533525,88606
"전국","일반철근",23,4369670,4362398,163454
"전국","고장력철근",4,1964708,1959807,84133
"전국","선재(보통강)",5,732488,730000,23704
"전국","선재(특수강)",8,2506298,2516070,84379
"전국","선재(스테인리스강)",1,X,X,X
"전국","형강(보통강)",25,2389134,2447259,278983
"전국","형강(특수강)",14,1790433,1760531,167889
"전국","중후판(두께 3mm이상, 스테인리스제 제외)",11,7094251,7120238,286812
"전국","열연광폭강대(스테인리스제 제외)",2,X,X,X
"전국","스테인리스 중후판 및 열연강판",11,4804671,4817722,152158
"전국","기타 열연강판(스테인리스제 제외)",13,6204579,6264318,78626
"전국","중궤조",1,X,X,X
"전국","경궤조",1,X,X,X
"전국","기타 궤조 및 철도선로자재",2,X,X,X
"전국","냉연 봉강 및 냉연 형강",14,450153,449855,27424
"전국","냉연광폭강대(스테인리스제 제외)",9,4462708,4449875,192293
"전국","냉연협폭강대(스테인리스제 제외)",4,295401,309765,30657
"전국","냉연박판(스테인리스제 제외)",3,59224,59346,6162
"전국","냉연전기강판(스테인리스제 제외)",5,46483,46055,2390
"전국","스테인리스 냉연강판",21,3270951,3283411,246154
"전국","기타 냉연강판(스테인리스제 제외)",17,3173627,3194419,97061
"전국","보통 철선",44,474232,472105,24951
"전국","경강선 및 피아노선",15,521123,522574,34858
"전국","PＣ강선",9,305491,307231,9985
"전국","냉간압조용 강선(CHQ)",11,776799,771961,44802
"전국","스테인리스강선",22,506230,503348,44035
"전국","아연도 강선",14,334131,341795,15201
"전국","타이어보강 강선",12,390957,390385,27182
"전국","기타도금 강선",3,30657,30849,3128
"전국","주철관(주조한 것)",25,387777,375865,78896
"전국","주철제 관연결구류",30,180994,182306,9972
"전국","용접강관",135,4100252,4163671,323316
"전국","무계목강관",16,435147,431439,74385
"전국","기타 강관",18,135317,131966,9209
"전국","강관 가공품",206,3662260,3697702,306964
"전국","강관 연결구류",271,2216629,2227351,300576
"전국","아연도강판",39,8873071,8901769,275452
"전국","주석도금강판",4,705980,704398,42417
"전국","갈바륨강판",4,1380409,1379641,35909
"전국","크롬도금강판",3,82326,80748,6583
"전국","알루미늄도금강판",30,1140383,1130828,33138
"전국","기타 도금강판",21,277736,274440,27508
"전국","칼라강판",26,2306708,2241046,257877
"전국","도금 강관 및 피복 강관",31,511964,515332,24580
"전국","기타 도금 및 피복처리 강재",23,97717,97356,3784
"전국","철강 절단품(구입한 강재 절단)",386,7515704,7501113,374786
"전국","동1차정련품",14,4905086,4920792,103083
"전국","동 2차정련품",20,950175,950405,50027
"전국","알루미나",14,366617,362158,27029
"전국","알루미늄 1차정련품",50,1801291,1794893,61843
"전국","알루미늄 2차정련품",48,1530472,1516765,72527
"전국","연 1차정련품",10,1647335,1613381,92685
"전국","연 2차정련품",6,600755,602667,13391
"전국","아연 1차정련품",12,3044904,3051810,166093
"전국","아연 2차정련품",7,216353,215807,13648
"전국","금괴",10,2934855,2918928,60297
"전국","은괴",4,1797984,1774938,53890
"전국","기타 귀금속 1차정련품",4,103997,104893,5157
"전국","귀금속 2차정련품",7,179023,178803,2717
"전국","니켈괴",2,X,X,X
"전국","주석괴",3,9955,10052,1127
"전국","기타 비철금속 1차정련품",7,626440,618865,12280
"전국","기타 비철금속 2차정련품",9,164094,169355,2181
"전국","동봉",27,902151,903707,50717
"전국","나동선",24,3213408,3209802,41622
"전국","동판",13,1326186,1319736,70471
"전국","동박(두께 0.15 ㎜ 이하)",5,576846,580982,21872
"전국","동관",33,1121878,1119855,64176
"전국","동제의 관연결구류",23,437247,437582,14736
"전국","알루미늄 봉(압연에 의한 것)",30,314096,313015,18997
"전국","알루미늄 새시바(압출에 의한 것)",128,2066138,2064053,120206
"전국","알루미늄 선",19,338673,300372,56134
"전국","알루미늄 판",54,3164761,3153574,106621
"전국","알루미늄박(두께 0.2 ㎜ 이하)",18,615228,610388,36338
"전국","알루미늄 관",50,431645,429748,43161
"전국","알루미늄제  관연결구류",14,53184,52307,2133
"전국","니켈 압연,압출 및 연신제품",2,X,X,X
"전국","연(납) 압연,압출 및 연신제품",5,217834,214818,10861
"전국","아연 압연,압출 및 연신제품",9,124585,124443,3049
"전국","주석 압연,압출 및 연신제품",4,52251,52177,2224
"전국","텅스텐(중석) 압연 및 압출 제품",9,182182,187657,11163
"전국","귀금속 압연 및 압출 제품",5,151122,150812,4681
"전국","세금선",2,X,X,X
"전국","기타 비철금속 압연 및 압출제품",13,240610,241293,13010
"전국","동 분말",10,168084,166577,10847
"전국","알루미늄 분말",1,X,X,X
"전국","아연 분말",2,X,X,X
"전국","텅스텐분말",2,X,X,X
"전국","기타 비철금속 분말",14,120776,125206,7273
"전국","기타 １차 비철금속제품",31,162122,162244,5782
"전국","회주물(보통주철)",160,2553880,2546602,143639
"전국","가단주물",10,90085,90764,5514
"전국","구상흑연주물(덕타일 주물)",21,212310,213882,21366
"전국","보통강 주물",67,801397,787801,55305
"전국","특수강 주물(합금강주물)",54,406611,411301,17146
"전국","알루미늄 주물",109,1109896,1108101,40911
"전국","동 주물",23,262701,258063,10907
"전국","기타 비철금속 주물",21,595118,587265,30679
"전국","금속 가공제품 제조업; 기계 및 가구 제외",7763,71446991,71323007,2954667
"전국","건물용철문",53,440655,440541,6942
"전국","셔터문",28,110331,113252,2369
"전국","기타 금속제 문",188,656302,652862,17606
"전국","금속제 창문",205,1177697,1181185,24162
"전국","건축용 금속 공작물",316,2160512,2153248,112862
"전국","판금제품",498,3153222,3147137,125043
"전국","육상 금속 구조물",499,5322280,5317040,120862
"전국","교량",42,430635,426596,39551
"전국","철제수문",34,95290,93287,5592
"전국","기타 육상 금속 골조 구조제조재",139,650030,647403,27226
"전국","수상 금속 구조물",119,4761773,4761653,29716
"전국","금속제 조립식 건축물",83,453235,450884,17405
"전국","금속제 조립식 건축물용 판넬",164,1613947,1613115,36189
"전국","스티로폼 샌드위치패널",14,149332,149119,1202
"전국","우레탄폼 샌드위치패널",7,53146,52933,1314
"전국","그라스울 샌드위치패널",3,43298,43298,25
"전국","기타 샌드위치패널",8,22880,23172,1088
"전국","산업용 온수보일러",26,538692,537390,11914
"전국","방열기",17,170745,169869,3593
"전국","산업용 온수보일러 및 방열기의 부품",9,39794,39415,905
"전국","저장용 금속탱크",200,1968792,1961752,66622
"전국","압축 및 액화 가스용기",61,744439,743144,17570
"전국","수관보일러",5,456286,455261,3223
"전국","연관보일러",5,63750,61817,4354
"전국","기타 산업용 보일러",8,2800332,2798086,23061
"전국","보일러 부속품 및 부품",41,147198,146878,6652
"전국","원자로의 부품",7,27438,27103,1429
"전국","군사용 무기 및 부품",78,5696516,5676624,146930
"전국","비군사용 총기류",4,30122,30238,11604
"전국","가스총",2,X,X,X
"전국","기타 비군사용 무기 및 부품",5,7550,9048,359
"전국","분말야금제품",48,418503,418595,36694
"전국","보통강 단조물",44,1329459,1342194,88248
"전국","특수강 단조물",36,1077012,1071204,89723
"전국","기타 철강 단조물",32,589530,587837,51968
"전국","스테인리스 단조물",21,152445,154749,8749
"전국","알루미늄단조물",19,147525,146367,11862
"전국","동단조물",7,27122,27111,1556
"전국","기타 비철금속 단조물",12,75553,74800,2628
"전국","자동차용 프레스 가공품",455,4314344,4303065,145940
"전국","가정용 압형제품(알루미늄제)",22,311753,309534,13542
"전국","가정용 압형제품(스테인리스제)",46,787058,786316,15183
"전국","기타 프레스 가공품",237,923905,922771,37064
"전국","금속 열처리 제품",142,954141,949473,36970
"전국","절삭가공",1114,5870636,5835613,259085
"전국","기타 금속처리 제품",199,769045,775437,25114
"전국","금속제 식탁용품(식기제외)",21,50476,50503,1877
"전국","칼 및 칼날(식탁용 나이프 제외)",16,65756,64314,2899
"전국","면도기 및 면도날",2,X,X,X
"전국","가위",10,21049,20220,2912
"전국","손톱 및 발톱 깍기",11,52466,52678,6610
"전국","건물용 철물",96,665594,665224,23573
"전국","가구용 철물",43,300050,301747,23340
"전국","자동차용 철물",127,1196356,1193921,32691
"전국","디지털 도어록",31,361459,359918,26715
"전국","자물쇠, 열쇠 및 관련 부품(자동차용 제외)",15,49442,49204,2715
"전국","캐스터(소형바퀴)",18,83963,83797,3710
"전국","가방 부착용 철물",5,21825,21815,1187
"전국","커튼 및 블라인드 부품",5,13052,12604,1338
"전국","기타 일반철물",86,266974,268605,13769
"전국","드라이버",2,X,X,X
"전국","스패너 및 렌치",3,11611,11966,897
"전국","기타 작업용 수공구",24,98086,98097,7150
"전국","농업용 수공구",6,7874,8122,476
"전국","드릴",12,42234,41587,3508
"전국","햄머",1,X,X,X
"전국","기타 수공구",15,30642,31172,4203
"전국","톱(수동식)",7,53219,57566,9191
"전국","톱날",33,121099,121442,6123
"전국","공작기계용 절삭공구",164,2198269,2206006,277736
"전국","기타 공작기계용 부속물",34,114783,114399,9976
"전국","볼트 및 너트류(금속제)",361,3621189,3609878,245759
"전국","쇠못",11,85399,86688,7192
"전국","나사못(금속제)",49,388465,389621,22517
"전국","리베트(금속제)",9,33669,33414,4050
"전국","와셔(금속제)",32,115721,115558,6489
"전국","기타 금속파스너",24,61279,60809,5651
"전국","코일스프링",68,773236,768189,41617
"전국","잎(판상)스프링",5,103159,102638,5802
"전국","기타 금속스프링",51,219006,218396,12993
"전국","철망",138,661884,661147,35298
"전국","와이어로프",51,720181,710720,54192
"전국","체인(동력전달용 제외)",9,50481,49727,2780
"전국","기타 철선조립제품",28,84985,82939,6449
"전국","스틸캔(음식료품용)",27,462429,461028,25588
"전국","알루미늄캔(음식료품용)",17,610705,610275,34420
"전국","에어로졸캔",9,360026,361901,7136
"전국","드럼통",59,566333,565276,7425
"전국","금속 튜브용기",14,101491,100145,3909
"전국","기타 금속포장용기",182,684043,682388,19396
"전국","병마개",15,211788,209686,10437
"전국","알루미늄제 주방 및 식탁용품",71,551847,548996,45055
"전국","스텐레스 주방 및 식탁용품",76,297570,300224,25055
"전국","법랑제 주방 및 식탁용품",3,10559,10573,205
"전국","기타 금속제 주방 및 식탁용품",16,36819,36823,3349
"전국","싱크상판",31,158640,157667,7850
"전국","기타 금속 위생용품",22,87743,86540,3602
"전국","금속표시판",60,293902,293593,7788
"전국","용접봉",27,880190,882202,59344
"전국","금속제 액자틀",2,X,X,X
"전국","기타 금속제 장식용품",30,125627,125435,8973
"전국","이동식 금속 사다리 및 부품",10,37114,36812,3004
"전국","선박용 프로펠러, 날 및 닻",17,234818,238752,14993
"전국","금속제 파킹 및 가스켓",29,203767,202805,9616
"전국","기타 조립금속제품",46,272846,273459,10917
"전국","금속제 영구자석 제조",5,115508,121166,7457
"전국","바늘",7,63422,61568,18578
"전국","금고",15,119788,119641,3499
"전국","금고 부품",3,9198,9039,217
"전국","기타 분류안된 금속가공제품",45,152552,153180,6704
"전국","전자 부품, 컴퓨터, 영상, 음향 및 통신장비 제조업",3435,251272613,250753678,8027354
"전국","D RAM",4,60379437,60266604,2647570
"전국","S RAM",1,X,X,X
"전국","Flash 메모리 (모듈포함)",13,12032241,12158353,554161
"전국","기타 반도체 메모리",22,24257811,24285206,58192
"전국","스탠다드로직",2,X,X,X
"전국","ASIC 로직",10,1764754,1764699,16668
"전국","마이크로 콤퍼넌트",7,92274,92234,3769
"전국","바이폴라 IＣ",4,366868,364104,7721
"전국","기타 모노리식 디지털 집적회로",3,31874,31193,5150
"전국","아날로그 집적회로",4,65404,62775,5526
"전국","하이브리드 집적회로",3,47756,47724,1008
"전국","기타 혼성 집적회로",4,102615,101150,2695
"전국","극소형 조립회로",9,3899896,3880760,68357
"전국","CMOS이미지센서",8,3013182,2998098,75309
"전국","D D I",6,3486871,3507816,14211
"전국","전자집적회로 부분품",32,1074675,1056537,66020
"전국","LED(OLED)",57,6065011,6063468,120011
"전국","트랜지스터",27,568028,569225,33433
"전국","다이오드",21,276543,272478,20494
"전국","감광성 반도체소자",14,176288,176636,11598
"전국","압전소자",2,X,X,X
"전국","수정진동자",5,13206,13418,558
"전국","반도체웨이퍼",32,2712913,2660787,122171
"전국","LED 에피칩",1,X,X,X
"전국","기타 반도체개별소자",25,294373,294864,17286
"전국","태양광웨이퍼",2,X,X,X
"전국","태양전지",3,525872,498526,42816
"전국","기타 반도체소자 부품",88,1791269,1811699,73441
"전국","노트북용LCD",4,6033106,5658540,601975
"전국","TV용 LCD",16,13603581,13562961,285429
"전국","모니터용 LCD",27,5338770,5290599,229009
"전국","기타 LCD",15,3655815,3607728,208937
"전국","LCD용 컬러 필터",3,144216,143647,3302
"전국","LCD용 백라이트 유니트(BLU)",22,817078,816992,9581
"전국","진공형광관",1,X,X,X
"전국","LCD편광필름",23,4306221,4354258,69838
"전국","기타 액정표시장치 부품",38,608060,604667,21272
"전국","OLED 패널",16,17579078,17600954,153083
"전국","PDP",4,6337,6655,303
"전국","터치스크린 패널",22,329202,341258,10643
"전국","기타 평판디스플레이 판넬",10,48263,48612,3390
"전국","기타 평판 디스플레이 부품",28,625725,620768,16066
"전국","PDP필터",1,X,X,X
"전국","페놀동박적층판",25,572883,566142,17361
"전국","에폭시동박적층판",19,1202561,1198421,48704
"전국","기타 인쇄회로원판",38,579670,577789,18709
"전국","페놀인쇄회로기판",37,1251174,1260673,35377
"전국","에폭시인쇄회로기판",85,3629102,3619047,161657
"전국","연성 및 기타인쇄회로기판",105,2277065,2275271,63374
"전국","전자부품 실장기판",217,1792677,1776571,65524
"전국","탄탈륨 축전기",1,X,X,X
"전국","알미늄 전해축전기",4,233269,232595,8196
"전국","세라믹 유전체의 고정축전기",19,1674015,1616826,80803
"전국","종이 및 플라스틱 고정축전기",3,17145,17114,1573
"전국","기타 고정식축전기",1,X,X,X
"전국","전자회로용 가변식 축전기",7,47579,46730,4410
"전국","전기고압용 축전기(>=0.5KW)",7,57226,56876,2638
"전국","축전기 부품",10,193821,194423,10767
"전국","탄소피막형 고정저항기",6,46612,46560,5118
"전국","칩형 고정저항기",5,14519,14530,1444
"전국","기타 고정저항기",3,7830,7634,490
"전국","탄소 가변저항기",2,X,X,X
"전국","서미스터",6,104467,107845,36995
"전국","바리스터",5,168225,164950,12488
"전국","기타 가변저항기",2,X,X,X
"전국","저항기 부품",6,55074,54975,501
"전국","마그네틱 스트라이프를 자장한 카드",7,63272,62464,1688
"전국","스마트 카드",17,339407,338278,9014
"전국","전자부품용 변성기",33,191515,190617,16647
"전국","전자유도 코일 및 쵸크",27,329152,330347,15501
"전국","기타 전자유도자",13,109782,110468,6270
"전국","전자코일 및 인덕터의 부품",13,55418,55134,2762
"전국","센서",135,1267951,1262699,48726
"전국","자동차용 센서",42,1036302,1032701,35331
"전국","컬러TV용 음극선관",2,X,X,X
"전국","기타 음극선관",2,X,X,X
"전국","자전관",3,16945,16973,7
"전국","기타전자관",6,9248,9048,237
"전국","PCM(색순도집속장치)",1,X,X,X
"전국","기타 전자관 부품",14,43864,43801,577
"전국","그래픽 카드",1,X,X,X
"전국","멀티미디어카드",1,X,X,X
"전국","컴퓨터용 모뎀카드(PC용)",2,X,X,X
"전국","기타 전자접속 카드",1,X,X,X
"전국","리드프레임",33,723452,725039,25378
"전국","표시기",22,206128,206556,6652
"전국","편향코일",1,X,X,X
"전국","전자총",1,X,X,X
"전국","새도우마스크",2,X,X,X
"전국","포토마스크(Photomask)",13,638397,690417,72970
"전국","기타 전자 부품",104,764842,795454,306554
"전국","중대형 컴퓨터",24,348453,348626,5804
"전국","데스크탑 PC",17,435705,432069,9325
"전국","노트북",4,33711,33516,817
"전국","PDA(휴대용 정보단말기)",6,132409,129603,8495
"전국","태블릿PC",4,712492,710435,4582
"전국","기타 휴대용 컴퓨터",1,X,X,X
"전국","기타 컴퓨터",22,106069,107644,3379
"전국","하드디스크 드라이브",7,41109,42277,1189
"전국","광디스크 드라이브",1,X,X,X
"전국","휴대용 저장장치",12,62105,62496,1624
"전국","SSD(solid state drive)",2,X,X,X
"전국","기타 기억장치",4,8154,8223,167
"전국","자기헤드(컴퓨터용)",1,X,X,X
"전국","기억장치 부품",4,24364,24744,954
"전국","액정 모니터(컴퓨터용)",29,866841,879261,13490
"전국","임팩트 프린터(충격식)",11,54988,55053,1567
"전국","레이저 프린터",10,261490,259344,17150
"전국","잉크젯 프린터",9,58013,59186,3655
"전국","기타 비충격식 프린터",1,X,X,X
"전국","컴퓨터 프린터 부품",12,82606,84578,2378
"전국","키보드",4,58100,57814,867
"전국","마우스",3,991,1001,11
"전국","스캐너류",18,129938,129251,4414
"전국","기타 입력장치",36,197439,195840,9991
"전국","기타 출력장치(컴퓨터용)",2,X,X,X
"전국","컴퓨터 단말기",9,37826,37833,716
"전국","주기판",5,41786,41310,1435
"전국","PC 카메라",2,X,X,X
"전국","컴퓨터 케이스",7,31831,32000,349
"전국","기타 컴퓨터용 보드",7,8519,8547,83
"전국","기타 컴퓨터 주변기기",10,28649,28914,1359
"전국","컴퓨터주변기기 전용부품(기억장치부품제외)",27,257914,260308,10459
"전국","일반 전화기",3,46052,44882,1369
"전국","코드없는 전화기세트",2,X,X,X
"전국","영상 전화기",5,21869,21681,1994
"전국","기타 유선전화기",6,84713,86303,4836
"전국","기간통신사업용 교환기",7,42162,41689,2984
"전국","사설 교환기",1,X,X,X
"전국","기타 유선 교환기",3,8439,8431,625
"전국","반송장치(아날로그식)",3,15125,15078,620
"전국","반송장치(디지털)",14,196069,197697,7816
"전국","디지털 다중화장치",10,61024,61978,1064
"전국","신호변환기",22,204852,200492,22949
"전국","광전송 장비(다중계기, 분배기)",43,394001,381884,36758
"전국","중앙통제실 송신용 칩입 및 화재경보 시스템 제조",12,77345,77223,1793
"전국","팩시밀리",1,X,X,X
"전국","라우터 및 게이트웨이",8,53229,53768,8602
"전국","허브 및 네트웍관련 스위치",6,22775,22387,1383
"전국","음성자동응답기",2,X,X,X
"전국","비디오도어폰",7,179810,179609,13574
"전국","인터폰",8,52672,51279,6396
"전국","홈네트워크 장비",12,47772,47530,5040
"전국","기타 유선통신기기",15,35884,35975,2051
"전국","유선 전화기 부품",1,X,X,X
"전국","교환기 부품",7,31622,31880,1477
"전국","반송기기 부품",3,29578,29451,300
"전국","광통신기기 부품",63,729510,714957,73914
"전국","기타 유선 통신기기 부품",20,43692,43499,1893
"전국","방송용 증폭기",11,195190,195792,7579
"전국","방송용 음향관련 기기",18,134986,137912,10684
"전국","방송용 영상관련 기기",29,101986,101136,4944
"전국","케이블TV 수신자용 컨버터",3,13271,13416,729
"전국","케이블TV 수신자용 기기",6,38130,35863,4025
"전국","위성방송 수신용 안테나",12,205633,200220,12036
"전국","위성방송 수신기",10,1347087,1304007,57078
"전국","지상파방송 송수신기",1,X,X,X
"전국","유선방송 송수신기",8,93697,93674,1151
"전국","기타 TV송수신기",1,X,X,X
"전국","라디오송신기",1,X,X,X
"전국","DMB 송수신 기기",8,35534,35464,1226
"전국","기타 송신관련 기기",5,8417,8417,0
"전국","폐쇄회로 카메라",196,2242747,2234106,92877
"전국","기타 방송국용 기기",5,26792,27315,1179
"전국","방송국용 기기의 부분품",20,49826,49896,2153
"전국","휴대용 전화기",7,16576317,16586774,88116
"전국","휴대용전화기 KD세트",1,X,X,X
"전국","휴대폰용 카메라모듈",45,6741257,6754134,81205
"전국","기타 휴대용 전화기 부품",95,998207,1003162,25051
"전국","주파수 공용통신 단말기",13,58058,57996,8847
"전국","무선 호출기",7,26986,27015,1965
"전국","무전기",17,184085,184262,2052
"전국","WiBro 단말기",1,X,X,X
"전국","기타 무선 통신전화기",2,X,X,X
"전국","무선통신용 교환기",5,77063,76660,3939
"전국","무선통신 기지국용 송수신기",19,920312,868881,69249
"전국","무선통신용 중계기(릴레이)",52,631272,629435,45095
"전국","안테나시스템",25,485871,482619,9998
"전국","RFID(전자테그)",18,163884,162062,14498
"전국","WiBro 중계기",7,20763,20937,316
"전국","기타 무선통신 시스템",18,133679,134714,1984
"전국","기타 무선통신기기",37,155656,154589,6226
"전국","SAW Filter(표면탄성파 필터)",9,295836,295973,7887
"전국","무선통신 단말기의 부품",18,365505,365166,17127
"전국","무선통신기기의 부품",52,195798,195379,8827
"전국","FPD TV",15,3678890,3760976,10160
"전국","기타 TV",10,49050,50276,2071
"전국","텔레비전의 부품",23,324127,323899,3954
"전국","영상모니터",19,479886,481002,43550
"전국","비디오테이프 녹화재생기",1,X,X,X
"전국","레이저디스크 플레이어 및 DVD 플레이어",8,94883,94494,1214
"전국","캠코더",1,X,X,X
"전국","DVR",22,128129,128414,6365
"전국","외장형 DMB 튜너 (PC 장착용)",1,X,X,X
"전국","외장형 DMB 튜너 (자동차 장착용)",5,206948,204964,5007
"전국","안테나",21,321828,322738,4539
"전국","비디오용 헤드드럼",2,X,X,X
"전국","가정용 오디오",1,X,X,X
"전국","차량용 오디오",12,402466,409340,13779
"전국","MP3 Player",1,X,X,X
"전국","어학실습기",2,X,X,X
"전국","녹음기 및 녹음재생기",6,19930,20235,418
"전국","노래반주기",8,103471,103149,2625
"전국","기타 음향 녹음 또는 재생기기",2,X,X,X
"전국","라디오, 녹음 및 재생기기의 부품",7,37988,38409,573
"전국","스피커",45,347471,345635,15843
"전국","기기용 앰프셋트",23,93439,94360,14937
"전국","오디오용 튜너",1,X,X,X
"전국","이퀄라이저",1,X,X,X
"전국","픽업",1,X,X,X
"전국","마이크로폰과 그 스탠드",14,59069,58246,3388
"전국","헤드폰",12,53501,55981,5446
"전국","자동차용음향증폭기",1,X,X,X
"전국","이어폰",10,115692,115799,5856
"전국","기타 음향관련 기기",5,12238,12285,337
"전국","음향기기용 자기헤드",2,X,X,X
"전국","음향기기의 전용부품",25,119672,119522,3872
"전국","자기 및 광 디스크",3,7648,7644,4
"전국","의료, 정밀, 광학 기기 및 시계 제조업",2903,26040700,25844056,1415421
"전국","의료용 방사선 장치",52,762055,751183,55125
"전국","산업용 방사선장치",9,87022,84416,5990
"전국","방사선 기타 장치",2,X,X,X
"전국","방사선장치의 부품",6,137850,137497,4613
"전국","심전계",3,44246,44035,1785
"전국","초음파진단기",20,960686,958566,25666
"전국","전자혈압계",3,5735,5717,569
"전국","기타 전기 및 전자식 진단용기기",31,316116,314957,18207
"전국","광선치료기",46,446904,453047,27572
"전국","환자감시장치",6,20859,20574,612
"전국","기타 전기식 치료 및 요법기기",31,118596,120903,18483
"전국","전기·전자식 진단 및 요법기기 부품",9,87658,87685,5114
"전국","치과용 기기",32,252135,249149,18923
"전국","치과기공소용 기기",14,34318,33935,1756
"전국","치과 및 치과기공소용 기기의 부품",11,26635,26056,3311
"전국","보청기",5,22422,22075,614
"전국","치과용 임플란트",84,636044,630813,46437
"전국","치과기공소의 제품",207,377093,379036,11912
"전국","인공신체",12,60637,59641,7285
"전국","정형외과용 기기",45,210137,202585,49795
"전국","정형외과용 기기 및 보청기 부품",9,42258,40965,12620
"전국","선글라스",8,9683,9710,1653
"전국","기타 안경",8,30292,29932,1528
"전국","안경용 렌즈",21,197986,194898,35786
"전국","콘택트렌즈",39,311725,310712,39905
"전국","안경테",42,112441,111328,12298
"전국","기타 안경 부품",6,79315,79411,201
"전국","치과용 의자",5,66753,66930,2950
"전국","병원침대",13,111103,110394,3924
"전국","이·미용실 의자",1,X,X,X
"전국","기타 의료용 가구",18,82813,82928,2705
"전국","주사기 및 수혈세트",71,467770,467424,26243
"전국","살균기(의료 및 실험실용)",25,108902,108352,14086
"전국","산소호흡기",6,69148,67410,5449
"전국","기타 호흡관련 의료기기",14,82526,82474,4113
"전국","기타 의료용 기기",143,701377,698751,56416
"전국","기타 의료기기 부품",73,433000,430739,35261
"전국","측량기기",23,537693,419125,150734
"전국","GPS 시스템",19,193762,188525,9290
"전국","리모콘",16,172906,169149,8798
"전국","텔레매틱스 단말기",2,X,X,X
"전국","내비게이션",23,3192109,3195451,30004
"전국","레이더기기",13,449024,449615,6629
"전국","조타기",5,16862,16691,171
"전국","기타 항해용 기기",23,401397,401348,6529
"전국","측량기 및 항해용 무선기기의 부품",9,47806,46255,4718
"전국","오실로스코프 및 오실로그래프",2,X,X,X
"전국","전자계측기",75,450475,450040,19770
"전국","기타 전기량 측정 및 검사용기기",40,155375,155162,5588
"전국","전기량측정 및 검사용기기의 부품",15,143716,142863,4390
"전국","액면계",9,115017,115631,6646
"전국","압력계",21,125506,126057,1845
"전국","공해계측기",56,283479,282817,12964
"전국","온도계",9,21109,21210,752
"전국","재료시험기",50,254497,254332,9533
"전국","열측정 및 풍력계기",12,99259,104333,3382
"전국","액체비중계",2,X,X,X
"전국","반도체 검사장비",172,2199798,2196781,73915
"전국","기타 물질 측정 및 검사기기",171,811982,808502,31600
"전국","물질 검사·측정 및 분석기구의 부품",51,603643,605357,40468
"전국","가스공급계기",20,109615,108278,9145
"전국","수도미터",27,112976,111421,6040
"전국","기타 기체 및 액체공급계기",3,4116,4084,748
"전국","전기공급계기",32,268829,268270,27274
"전국","속도계",15,485655,485587,15253
"전국","기타 적산계기",30,97773,97266,5062
"전국","속도계 및 적산계기 및 부품",12,100260,101451,4175
"전국","온도 자동조절장치(공업용 제외)",45,261425,260613,15087
"전국","기타 자동조절기",52,179175,177434,8460
"전국","자동조절기(공업용 제외)의 부품",19,75711,74469,3533
"전국","온도자동제어장치",69,984033,976916,40824
"전국","산업용온도조절기",36,512323,516217,24300
"전국","기타 산업처리공정 제어장비",279,1449683,1447358,31337
"전국","공업계기의 부품",20,154338,151907,20419
"전국","도안 및 제도기구",11,66269,66432,2444
"전국","기타 측정, 시험, 항해 및 정밀기기 및 부품",39,171196,172117,10258
"전국","광섬유",3,2811,1637,1336
"전국","광학렌즈",83,956562,945843,54129
"전국","광학필터",7,75607,75509,1102
"전국","편광재료용 판",1,X,X,X
"전국","BLU용 광학필름",12,997574,992583,69597
"전국","기타 광학요소 관련품",10,29950,29947,1081
"전국","디지털 카메라",1,X,X,X
"전국","기타 사진기",7,34462,34795,2348
"전국","투영기",5,7911,7897,567
"전국","사진섬광기구",1,X,X,X
"전국","기타 사진관련 기기",1,X,X,X
"전국","영화관련 기기",8,33149,33685,3387
"전국","사진기, 영사기 및 관련장비의 부품",17,230252,231795,18510
"전국","쌍안경 및 천문관측기기",4,62116,62638,2760
"전국","광학현미경",7,84545,81749,15904
"전국","기타 광학기기",20,276217,274756,5991
"전국","레이저발생기기",9,55693,55463,898
"전국","기타 광학기기의 부품",24,230674,233309,7842
"전국","휴대용 시계",9,31875,30656,12784
"전국","벽시계 및 탁상시계",5,14011,14170,1402
"전국","기타 시계",5,4255,4184,273
"전국","시계케이스",1,X,X,X
"전국","시계줄(금속제)",1,X,X,X
"전국","기타 시계부품",5,12807,12772,2411
"전국","전기장비 제조업",5256,83072014,82516438,4088738
"전국","소형 전동기",81,2375751,2377079,102619
"전국","중대형 직류 및 교류겸용 전동기",40,1384537,1340354,88551
"전국","중대형 교류전동기",16,248989,249205,8434
"전국","발전기",38,630264,628249,42698
"전국","발전기세트",10,125153,124987,5474
"전국","회전위상변환기",5,93355,95160,931
"전국","태양광모듈",23,2384770,2444795,192811
"전국","태양광발전시스템",42,365380,359435,12887
"전국","발전플랜트",15,248117,247543,3263
"전국","전동기, 발전기 및 발전기 세트의 부품",107,916968,925676,33120
"전국","송배전변압기",38,1115907,1091341,111634
"전국","발전변압기",8,43658,44005,2413
"전국","특수목적용 변압기",14,172244,171527,6033
"전국","산업용 일반변압기",49,1001517,981470,55050
"전국","전압조정기",9,15456,16149,1307
"전국","변압기 부품",66,296835,297316,17543
"전국","형광등용 안정기",28,122849,122506,10485
"전국","형광등용 안정기의 부품",3,12207,12050,1278
"전국","에너지 저장장치(ESS)",27,218343,219830,5129
"전국","정류기",37,649216,645100,21295
"전국","인버터",60,719344,726669,35900
"전국","어댑터",21,101023,101260,3161
"전국","통신 및 컴퓨터용 전원장치",25,301712,289525,39438
"전국","무정전 전원장치",46,537461,536310,11291
"전국","배터리 충전기",47,421662,422868,23335
"전국","핸즈프리",1,X,X,X
"전국","배터리팩",20,230545,230517,6322
"전국","기타 정지형 변환기",27,91354,89296,11245
"전국","정지형 변환기의 부품",20,133804,130531,9589
"전국","고압 차단기(1000v 이상)",35,995489,1006593,45022
"전국","배선용 차단기(1000v 미만)",52,969760,961289,43228
"전국","기타 저압 차단기(1000v 미만)",37,260388,279632,19099
"전국","퓨즈",12,60095,60308,2129
"전국","스위치(전기개폐용)",107,1796262,1794757,49310
"전국","계전기",26,213624,214355,15802
"전국","기타 개폐 및 보호관련 기기",48,187514,186545,9300
"전국","전기회로 개폐, 보호 장치 부품",72,340404,341282,12099
"전국","플러그(전기접속용)",19,93674,93814,2399
"전국","콘센트",36,213168,212485,10342
"전국","커넥터(일반전기접속용)",101,2376377,2372215,100746
"전국","전등용 소켓",11,35370,35866,2675
"전국","기타 전기 접속기기",47,237166,235307,7962
"전국","전자 커넥터(통신 및 전자기기회로용)",73,1373883,1377174,49009
"전국","전기회로 접속장치 부품",46,237600,237406,5669
"전국","저압배전반(전압1000v 미만)",206,1341785,1338918,35713
"전국","고압배전반(전압1000v 이상)",136,1625581,1629464,58987
"전국","수치제어장치",18,349949,356945,28048
"전국","자동전기제어반",405,2035221,2033890,48761
"전국","프로그램 콘트롤러",106,630610,629900,17002
"전국","배전반 부품",88,341962,342396,11116
"전국","일차전지",13,370600,370287,21139
"전국","일차전지 부품",4,24380,23889,1105
"전국","차량용 납(연)축전지",37,7048103,6735206,520269
"전국","기타 납(연)축전지",8,84718,84106,1315
"전국","알칼리 축전지",44,9007438,8885754,540433
"전국","축전지 부품",35,3075377,3048418,100694
"전국","광섬유 케이블",34,664988,664065,22075
"전국","전력선(송배전용)",74,3687479,3665206,184566
"전국","통신선",74,967476,961422,59086
"전국","신호 및 제어선",37,369106,371000,14234
"전국","절연전선(옥내외 저압 배선용)",86,1712365,1711645,84056
"전국","권선(마그네틱선)",25,812947,814876,27476
"전국","기타 전선",85,664868,657580,53766
"전국","절연코드 및 코드세트",143,1205485,1204124,43141
"전국","백열 전구",3,9430,9019,710
"전국","할로겐 전구",11,58511,58272,4751
"전국","기타 필라멘트 전구",2,X,X,X
"전국","형광등(램프)",13,70425,70493,2407
"전국","기타 방전램프",6,15178,14192,4708
"전국","LED 전등",190,1132474,1126566,79963
"전국","기타 전구 및 램프",18,36470,36398,2912
"전국","전구 및 램프 부품",14,106119,105994,6356
"전국","자전거 및 차량용 조명기구",71,2669627,2656615,72767
"전국","선박, 철도차량, 항공기 및 오토바이용 조명기구",12,138136,137588,2791
"전국","차량용 조명 및 전기장치의 부품",38,1303460,1294037,34408
"전국","가정용 고정식 조명장치",102,638465,640601,22989
"전국","가정용 이동식 조명기구",15,61665,61167,2686
"전국","산업용 조명장치",91,403722,400728,24309
"전국","옥외용 조명장치",98,388712,389815,16546
"전국","조명장치 부분품",36,180590,182245,6092
"전국","전기식 간판",156,529088,529939,17915
"전국","장식용 조명세트",7,18148,18168,1513
"전국","전시 및 광고용 조명장치 부품",27,171221,169145,8447
"전국","휴대용 전등기구",3,16470,16233,553
"전국","기타 비전기식 조명장치",9,30669,30506,1960
"전국","기타 조명장치 부품",7,22102,22022,973
"전국","가정용 전자레인지",4,22017,22385,804
"전국","가정용 전기 밥솥",11,432852,439112,17227
"전국","전기 후라이팬",8,31200,30928,2096
"전국","전자 오븐",6,35438,35782,1746
"전국","전기레인지",17,156623,157426,13679
"전국","기타 전기식 조리기기",14,39630,40189,1939
"전국","소형냉장고(200ℓ 이하)",2,X,X,X
"전국","중형냉장고(201ℓ ~ 400ℓ 이하)",2,X,X,X
"전국","대형냉장고(401ℓ 이상)",5,1985357,1968228,81146
"전국","김치냉장고",11,883275,875603,22999
"전국","가정용 전기믹서기",20,191448,192720,11272
"전국","가정용 식기 세척기",8,512416,518078,8036
"전국","가정용 전기식 식기 건조기",7,46235,46098,1609
"전국","렌지후드",16,138018,140885,7296
"전국","기타 주방용 전기기기",14,47844,48416,3385
"전국","주방용 전기기기 부품",45,402212,405160,10677
"전국","전기담요 및 장판",28,143810,142776,15540
"전국","전기 난로",13,24012,24123,1135
"전국","전기보일러",10,16510,16378,1468
"전국","전기온수기",13,79984,78962,2780
"전국","가정용 온풍기",7,16864,16641,2294
"전국","기타 가정용 전기식 난방기기",18,47194,47137,2794
"전국","가정용 전기식 난방기기의 부품",9,96150,96310,755
"전국","전기 면도기",1,X,X,X
"전국","전기 안마기",32,230577,233052,17273
"전국","전기식 헤어드라이어",16,49020,47763,3585
"전국","전기 이발기",3,5860,5735,330
"전국","기타 전기식 이미용기구",45,266588,262906,12206
"전국","가정용 세탁기",20,1029939,1046471,53334
"전국","의류 건조기",5,1023654,1026413,38212
"전국","가정용 선풍기",14,106757,102986,9114
"전국","가정용 환풍기",12,77573,77111,4388
"전국","가정용 가습기",4,7374,7371,480
"전국","가정용 전기청소기",19,451859,451339,14213
"전국","전기비데",11,275537,277792,8472
"전국","기타 가정용 전기기기",39,174756,173279,8339
"전국","기타 가정용 전기기기 부품",83,1101060,1103176,19745
"전국","가정용 기름 보일러",3,90575,89457,7228
"전국","가정용 가스 보일러",13,878236,864955,64221
"전국","석유 난로",1,X,X,X
"전국","가스 난로",2,X,X,X
"전국","기타  가정용 난방기기",14,85962,85532,6066
"전국","가스레인지",18,219920,217944,16645
"전국","가스오븐레인지",3,575160,572255,8962
"전국","가정용 비전기식 휴대용 조리기기",7,51973,51987,3392
"전국","기타 비전기식 가정용 조리기기",5,9122,9346,1437
"전국","가정용 비전기식 조리 및 난방기기의 부품",28,154072,153498,8315
"전국","도난, 화재 및 유사 경보기(차량용 제외)",48,395229,397062,10771
"전국","차량용 도난 및 화재 경보기",6,24536,24679,316
"전국","기타 신호장치",19,56713,56813,2605
"전국","전기경보 및 신호장치 부품",15,86062,86521,2432
"전국","전기 애자 및 절연용 물품",18,112446,111877,10398
"전국","탄소전극 및 흑연전극",9,236600,229579,17917
"전국","카본부러쉬",7,76465,75974,2245
"전국","기타 전기용 탄소제품",6,28850,28438,1688
"전국","전기식 교통 통제장비",38,184863,189726,9850
"전국","전기식 교통통제장비의 부품",1,X,X,X
"전국","내연기관용 전기장치(자동차용 제외)",9,84339,85169,8292
"전국","전자석 및 영구자석의 제품",17,82413,80941,6448
"전국","아크 용접기",11,91788,91473,4194
"전국","저항 용접기",8,97730,100421,17517
"전국","기타 전기용접기",13,19334,18101,3135
"전국","연료전지",12,236365,236556,16196
"전국","신호 발생기",3,3089,3364,6
"전국","오존 발생기",5,22178,22174,753
"전국","이온 정수기",12,30789,30507,4538
"전국","전기도금 및 전기분해용 기기",12,66926,65746,4286
"전국","초음파 세척기",14,57025,55428,5745
"전국","기타 전기장비",36,156149,156471,9011
"전국","기타 전기장비의 부품",19,67860,67121,3426
"전국","기타 기계 및 장비 제조업",10919,116823736,116727647,4945910
"전국","선박용 내연기관",64,2852129,2834282,105001
"전국","기계용 내연기관",25,1031886,1034194,37243
"전국","내연기관 부품(차량 및 항공기용 제외)",184,1473255,1463658,83465
"전국","터빈",15,91310,87807,12073
"전국","터빈 부품",12,124463,119527,6064
"전국","유압실린더 및 유압시스템",147,1598404,1590344,87112
"전국","공압실린더 및 공압액츄에이터",20,292298,290348,16874
"전국","유압 펌프",41,732050,733738,17012
"전국","기압식 기체펌프 및 압축기",18,112250,111239,6827
"전국","기타 유압기기",31,102792,102440,3563
"전국","유압기기 부품",118,623810,623202,20454
"전국","산업용 액체펌프",143,1226480,1230325,46956
"전국","가정용 펌프",9,159397,162417,5715
"전국","급유 및 계기용 펌프",19,207555,206904,8556
"전국","액체펌프의 부품",18,106935,108207,3906
"전국","진공 펌프",58,740532,744933,51296
"전국","냉매 압축기(차량용 제외)",12,951568,918949,58222
"전국","차량 에어컨용 압축기",9,1153613,1155763,19742
"전국","산업용 공기압축기",29,617776,616513,11432
"전국","기타 기체펌프 및 압축기",26,75030,76283,2994
"전국","기체 펌프 및 압축기 부품",15,105925,105416,1818
"전국","감압 밸브",47,273473,272846,24606
"전국","유압 및 공기압전송용 밸브",137,1134999,1126631,77282
"전국","체크 밸브",38,244434,240935,18073
"전국","안전 밸브",46,300216,297915,19219
"전국","수전",102,784635,783066,71427
"전국","볼 및 플러그밸브",33,373063,373369,36652
"전국","자동조절 및 원격조절밸브",69,668699,665491,36214
"전국","기타 밸브",77,308671,310122,15574
"전국","탭, 밸브의 부품",71,592785,596108,41301
"전국","볼 베어링",61,1709825,1693571,132623
"전국","원추형 롤러베어링",14,235272,235674,10799
"전국","지구베어링",4,164344,163304,8830
"전국","기타 베어링",22,282201,283718,13149
"전국","베어링 부품",31,297306,299114,17556
"전국","변속기",55,671274,666393,30205
"전국","기어 및 기어링",76,615428,612552,27658
"전국","체인(동력전달용)",24,183429,181589,12898
"전국","플레인베어링",32,209472,212450,21566
"전국","기타 기계식 동력전달장치",36,88285,87134,6409
"전국","기계식 동력전달장치 부품",32,152710,152348,2560
"전국","공업용로",45,438574,488011,5039
"전국","소각로",15,412945,412936,367
"전국","전기로",53,267844,265125,6750
"전국","로 부속품 및 부품",28,182796,180892,6842
"전국","포크리프트 트럭(지게차)",14,1254111,1264958,31210
"전국","기타 산업용 트럭 및 적재기",6,17819,17789,398
"전국","산업용 트럭 및 적재기 부품",45,322925,321396,15712
"전국","엘리베이터",88,2475760,2476917,17651
"전국","에스컬레이터",2,X,X,X
"전국","리프트기기",29,123152,121891,6264
"전국","주차기",34,293274,291846,4536
"전국","승강기류 부품",106,713291,713781,18627
"전국","컨베이어",263,2361146,2356334,61092
"전국","자동창고시스템",10,184057,184698,497
"전국","컨베이장치류 부품",36,171373,169467,6567
"전국","호이스트",31,210754,211358,6404
"전국","물품취급용 크레인",52,546101,549609,28249
"전국","윈치 및 캡스턴",16,63710,63577,2415
"전국","기타 물품취급장비",26,133622,135612,4437
"전국","물품취급장비 부품",24,95115,94013,6322
"전국","산업 및 상업용 냉장고",48,608022,607202,41302
"전국","산업용 냉동기",65,790055,796327,34541
"전국","냉각탑",17,133583,134338,1656
"전국","냉동，냉장 쇼케이스",48,369834,377378,20899
"전국","기타 냉동장비",11,29511,29827,326
"전국","산업용 냉장 및 냉동장비의 부품",89,756071,755743,12238
"전국","룸에어컨",17,324695,322972,15593
"전국","패키지에어컨",12,966178,953740,56460
"전국","차량용 에어컨",57,2377312,2378995,26419
"전국","시스템에어컨",20,2000186,2009103,67386
"전국","에어핸드링유니트",24,315068,314364,2314
"전국","팬코일유니트",12,97259,96953,1739
"전국","항온항습기",55,411473,410390,14711
"전국","기타 공기조화장치",64,286701,286446,7049
"전국","공기조절장치 부품",172,2086708,2083342,88566
"전국","송풍기(산업용)",140,1022087,1008087,45993
"전국","송풍기(산업용) 부품",23,134142,136679,7797
"전국","공기청정기",52,1174068,1156571,63221
"전국","차량용 공기청정기",13,108146,106211,5285
"전국","집진기",78,397605,398225,8176
"전국","기타 기체 여과기 및 청정기",43,296026,294682,7335
"전국","기체 여과기 및 청정기 부품",60,672917,666198,32560
"전국","정수기",62,857254,853549,45558
"전국","상하수정화장비",72,508127,508442,13215
"전국","연수기",2,X,X,X
"전국","기타 액체여과기",52,176699,176008,8690
"전국","액체 여과기 부품",121,910598,906124,40430
"전국","열교환기",159,2175046,2167499,42649
"전국","증류기 및 가스발생기",17,143643,143712,1569
"전국","증류기 및 열교환기의 부품",33,216560,215325,6519
"전국","복사기",4,14380,14348,644
"전국","현금자동지급기(CD)",16,95893,94575,6115
"전국","자동거래단말기(ATM)",23,431564,421268,37225
"전국","금전등록기",10,145053,144523,3632
"전국","동전 및 화폐 처리기",19,148838,148088,6464
"전국","표권 발행기",15,46731,47261,2226
"전국","전자수첩",2,X,X,X
"전국","신용카드조회기",11,55087,55912,4292
"전국","기타 계산 관련기기",4,43271,37448,8340
"전국","우편물취급기기",3,8196,8484,684
"전국","문서 펀칭기(사무용) 및 스테이플러",4,9674,9707,202
"전국","문서 및 그림 코팅기(사무용)",11,77881,77943,3270
"전국","기타 사무용 기계",13,48204,44739,6363
"전국","복사기 전용부품",13,70139,70204,2643
"전국","계산관련 기기의 전용부품",6,24610,25154,397
"전국","사무기기의  전용부품",6,13675,13546,497
"전국","산업용 저울",18,55206,55358,1259
"전국","가정 및 상업용 저울",6,58252,58212,4563
"전국","저울 부품",1,X,X,X
"전국","병，용기의 세척기",2,X,X,X
"전국","충전기(포장겸용)",25,260203,256795,23982
"전국","포장기",96,589060,594771,28338
"전국","포장기 및 용기세척기 부품",8,38555,38542,966
"전국","소화기",32,275816,275825,17324
"전국","스프링쿨러",14,81877,82676,5265
"전국","분사기",31,112816,112123,7849
"전국","소화장비 및 분사기 부품",33,195793,194567,12991
"전국","수지식 동력연삭기",12,117379,120673,13131
"전국","기타 수지식 동력 공구",15,66514,66553,6093
"전국","수지식 동력공구 부품",6,74714,74606,4496
"전국","자동판매기 및 화폐교환기",13,68663,68509,5794
"전국","가스 용접기 및 절단기",17,76387,76692,5038
"전국","기타 용접기",11,30655,30239,2571
"전국","원심분리기",24,162304,160968,7887
"전국","산업용 접시 세척기",14,65517,65619,2933
"전국","기타 일반목적용 기계",123,394390,395063,17251
"전국","자동판매기 및 화폐교환기 부품",7,10993,11250,584
"전국","기타 일반목적용기계 부품",41,491763,492811,18299
"전국","경운기",7,74373,75482,8576
"전국","농업용 트랙터",17,1220538,1208056,121310
"전국","쟁기",5,14771,15645,1865
"전국","기타 경지정리용 기계",15,118870,118546,14590
"전국","농업용 분무기",25,121701,119770,17644
"전국","이앙기",10,139819,136764,14620
"전국","기타 재배관련기기",29,90851,90133,7914
"전국","콤바인(농업용)",7,152703,156031,6606
"전국","농업용 건조기",18,87590,86403,6109
"전국","기타 수확관련 기계",22,78984,77988,8155
"전국","사료가공 기계(농업용)",17,76585,77247,3489
"전국","기타 축산기계",29,110591,110391,3598
"전국","기타 농업용기계",48,93898,95474,9304
"전국","농업용 기계 부품",127,608973,611639,54390
"전국","레이저 가공기",39,396619,368261,41537
"전국","방전가공기",7,74410,76357,2756
"전국","기타 전자응용 절삭기계",20,54255,56185,5937
"전국","전자응용 가공 절삭기계의 부품",14,79236,78897,1420
"전국","디지털 적층 성형기계",26,101178,99219,6132
"전국","디지털 적층 성형기계 부품",6,10431,10439,58
"전국","머시닝 센터",33,1459732,1473320,67269
"전국","전용기",20,672672,670058,22693
"전국","수치제어식 선반",26,1227661,1237708,49700
"전국","범용 선반",8,29608,31680,1711
"전국","드릴링기",9,23040,22033,3104
"전국","보링기",4,118966,118966,0
"전국","밀링기",11,36930,35473,8786
"전국","탭핑기",2,X,X,X
"전국","연삭기",22,88881,88614,3732
"전국","기어절삭기",4,9858,9708,627
"전국","톱기계(금속용)",5,19855,20254,1557
"전국","기타 금속절삭가공기계",37,110636,109880,5502
"전국","금속절삭가공기계의 부품",40,294246,293853,25289
"전국","액압 프레스",6,33243,33283,636
"전국","기계 프레스",59,503476,513146,41646
"전국","금속 절곡기",30,131203,127772,8108
"전국","금속 전단기",10,36812,36822,194
"전국","펀칭기",6,15814,16206,332
"전국","금속 단조기",3,14637,14716,40
"전국","금속 인발기",3,9645,9603,42
"전국","나사 전조기",10,103342,102748,1029
"전국","금속선 가공기",11,46109,45504,1643
"전국","기타 금속성형기계",17,67748,67484,2112
"전국","금속성형기계의 부품",11,55455,55565,1437
"전국","목공기계",10,39455,39451,3052
"전국","기타 공작기계",71,242851,243295,12903
"전국","다이, 지그 및 공작기계 부착물",154,978391,974123,49401
"전국","목공기계 부품",1,X,X,X
"전국","기타 공작기계 부품",21,48002,47146,3295
"전국","주물주조기계",26,196350,196044,12282
"전국","금속 압연기",15,61201,61064,2328
"전국","압연기 롤",10,119982,117173,13788
"전국","기타 금속주조 및 압연기 부품",7,66135,67393,3769
"전국","굴삭기",34,4543599,4663236,202164
"전국","토공기계",10,128400,118265,11295
"전국","건설용 크레인",13,117777,118182,7434
"전국","콘크리트믹서",7,68810,68684,775
"전국","콘크리트 펌프카",9,220371,225362,34545
"전국","도로포장 기계",7,44233,44659,1438
"전국","기초공사기계",9,38836,38223,3289
"전국","로더 및 불도저",8,405069,401489,29746
"전국","기타 건설용 트랙터",1,X,X,X
"전국","기타 건설용 기계",23,101417,99427,11497
"전국","무한궤도",6,55518,55404,2177
"전국","건설용 기계 부품",203,2932273,2940779,111010
"전국","광물용 파쇄, 마쇄 및 선별기",41,258472,255998,16365
"전국","기타 광산 기계",6,14697,14422,2751
"전국","콘크리트제품 제조기",12,40369,39871,1187
"전국","기타 광물제조장비",4,9722,9717,140
"전국","광물처리장비 부품",7,23729,23209,2407
"전국","낙농품 가공기계",6,45506,45421,3751
"전국","정미기",8,67917,68012,2681
"전국","기타 곡물가공기계",7,10277,10705,431
"전국","육류가공기계",18,129430,124230,13085
"전국","기타 공장용 음식료품 제조기계",47,204729,204170,6093
"전국","제빵용기계",20,77547,77153,5797
"전국","기타 상점용 음식료품 조리기계",20,70294,70062,1216
"전국","음식료품 및담배 가공기계 부품",7,20042,19786,1223
"전국","업소용 세탁관련기기",8,21236,20981,1674
"전국","염색기",8,27345,26316,4989
"전국","기타 섬유 마무리 가공기계",12,127814,130948,5051
"전국","공업용 재봉기",5,55152,54173,2457
"전국","연사기",1,X,X,X
"전국","방적기",6,79335,79190,839
"전국","기타 화학섬유 및 방적기",8,22084,23028,731
"전국","직기",8,10717,10854,182
"전국","편직기",9,51134,51061,3127
"전국","자동 자수기",2,X,X,X
"전국","기타 특수 직기",3,10033,9872,1008
"전국","가죽 및 신발제조 기계",6,37581,38282,2553
"전국","스핀들",4,8848,8845,11
"전국","재봉기 부품",4,15936,15520,3901
"전국","기타 섬유, 의복, 가죽 가공기계 부품",12,17180,17127,2159
"전국","웨이퍼 가공 장비",101,2569974,2558494,75801
"전국","반도체 조립 장비",217,3794284,3797985,177734
"전국","칩마운터",22,472817,477277,17616
"전국","태양전지 제조장비",6,47466,46123,5324
"전국","기타 반도체 제조 장비",161,2708349,2702789,63578
"전국","반도체제조 장비 부품",451,4061121,4022595,171051
"전국","평판디스플레이 제조용 기계",157,5649142,5636262,84943
"전국","평판디스플레이 제조용기계 부품",43,456918,455039,15381
"전국","용접용로봇",19,225866,229536,7372
"전국","도장용로봇",7,73897,74592,1546
"전국","조립용로봇",40,599464,604885,42167
"전국","기타 산업용 로봇",68,412522,403850,29059
"전국","산업용 로봇 부품",57,668259,674453,22529
"전국","펄프제조기계",6,24260,23806,1278
"전국","종이제조 기계(초지기)",7,39751,39776,721
"전국","절단기",22,78235,79378,2559
"전국","골판지제조기",8,24864,25459,4379
"전국","기타 종이가공 기계",8,39179,39679,1182
"전국","펄프 및 종이제조 기계 부품",8,37064,37171,1448
"전국","플라스틱 사출성형기",85,1004444,1003297,52471
"전국","플라스틱 압출성형기",31,166729,166815,3792
"전국","진공 및 열성형기",5,64600,65523,1521
"전국","기타 플라스틱 제조 기계",18,50241,63260,1389
"전국","고무 가공기계",11,83027,82764,4892
"전국","고무 및 플라스틱 가공기계 부품",17,52974,52860,1650
"전국","인쇄기계",46,240504,241377,8864
"전국","기타 인쇄관련기계",19,46670,46567,1613
"전국","인쇄 및 제본관련 기계 부품",18,106469,105939,1770
"전국","프레스용 금형",558,3908686,3908001,128467
"전국","플라스틱용 금형",454,3217606,3190828,129181
"전국","기타 금형",301,883897,881846,40521
"전국","몰드베이스",67,652187,650894,19992
"전국","기타 주형관련 부속품",149,413013,412801,13597
"전국","판유리제조기",5,18769,18629,406
"전국","기타 유리공업용 기계",8,40559,40416,966
"전국","산업용 범용 건조기",61,460708,461967,18816
"전국","금속 표면처리기",63,420119,420737,24489
"전국","권선기",6,31822,31200,3508
"전국","화학제품 제조기계",27,263750,259551,11121
"전국","초음파 기기",12,45058,44366,2946
"전국","전자식 모의훈련기기",10,59852,60705,2564
"전국","기타 산업용기계",250,1696712,1697684,68300
"전국","산업용기계 부품",181,1424864,1425399,36928
"전국","자동차 및 트레일러 제조업",4239,193428310,192799402,6742490
"전국","차량용 가솔린엔진",5,1416654,1401654,66330
"전국","차량용 디젤엔진",9,1491098,1544270,136902
"전국","경승용차",3,6912855,6898701,165230
"전국","소형승용차",5,6941861,7001384,213101
"전국","중형승용차",7,5984772,6067991,322465
"전국","대형 승용차(배기량2000cc이상)",6,8718280,8886779,287768
"전국","RV자동차(다목적 승용차)",7,38436261,38170105,1194835
"전국","경버스",1,X,X,X
"전국","소형버스",1,X,X,X
"전국","중형버스",3,331434,330404,14553
"전국","대형버스",6,1072657,1059012,60742
"전국","친환경차",6,8487565,8342755,279057
"전국","자동차 KD세트(개조 및 분해)",8,2466698,2471251,163045
"전국","기타 자동차",9,71814,70775,6715
"전국","경트럭",1,X,X,X
"전국","소형트럭",3,3666879,3491488,277300
"전국","중형트럭",2,X,X,X
"전국","대형트럭",3,916224,869968,208997
"전국","특수목적용 자동차",4,635707,648241,8878
"전국","자동차 차체",136,1347378,1340736,38279
"전국","기중기차특장",15,272021,277808,11809
"전국","소방차특장",12,158345,154557,6255
"전국","기타 특장",76,709712,706523,18166
"전국","자동차 구조 및 장치 변경",18,56987,57018,2368
"전국","트레일러",25,136689,138382,9777
"전국","컨테이너(화물운송용)",14,57282,57791,1876
"전국","트레일러 부품",6,27044,26997,889
"전국","자동차 엔진용 신품 부품",699,14926350,14888744,615340
"전국","자동차 차체용 신품 부품",714,22648821,22635445,320457
"전국","신품 동력전달장치(자동차부품)",525,21289068,21096106,880581
"전국","신품 스타터모터",39,1215881,1203859,37810
"전국","신품 점화플러그",11,203556,203797,6124
"전국","신품 내연기관용 발전기",21,875448,870811,23304
"전국","신품 배전기와 점화코일",10,143477,142873,4199
"전국","신품 점화 및 기타 목적용 와이어링하네스",91,3785633,3772968,112059
"전국","신품 와이퍼 및 서리제거용 열선",25,474266,471225,20549
"전국","신품 음향신호용 기구",1,X,X,X
"전국","신품 자동차 전자제어",24,2597413,2586743,61215
"전국","기타 자동차용 신품 전기장치",20,111856,112780,2704
"전국","자동차용 신품 전기장치의 부품",60,1641869,1641502,45091
"전국","신품 조향장치 및 부분품",225,5470162,5465161,181784
"전국","신품 현가장지 및 부분품",92,2102027,2097292,81565
"전국","신품 제동장치 및 부분품",257,5433874,5411634,143987
"전국","자동차용  신품 의자",125,4660069,4659951,48797
"전국","자동차용 신품 의자 부품",80,1869058,1868420,21139
"전국","신품 차륜 및 부품(자동차부품)",123,2777731,2774893,163772
"전국","신품 라디에이터 및 부품(자동차부품)",30,445827,444299,16500
"전국","신품 배기조직 및  부품(자동차부품)",124,2606191,2608631,117910
"전국","신품 안전벨트 및 부품(자동차부품)",47,891812,880663,31891
"전국","신품 에어백 및 부품(자동차부품)",26,1131347,1125673,31051
"전국","신품 연료탱크(자동차부품)",24,342819,343250,7869
"전국","신품 차량용 히터",25,488575,489009,10904
"전국","신품 촉매컨버터(배기관용; 자동차부품)",14,240607,236823,12124
"전국","기타 신품 자동차부품",267,2496549,2492690,56820
"전국","자동차 재제조 부품",149,469824,464680,26903
"전국","기타 운송장비 제조업",715,40063852,39817066,889109
"전국","탱커(철강제)",5,4516656,4516656,0
"전국","벌크선(철강제)",5,1035345,1035345,0
"전국","컨테이너선(철강제)",7,4832514,4832514,0
"전국","가스및화학운반선",8,10532120,10532120,0
"전국","자동차운반선",3,90426,90426,0
"전국","기타 화물선(철강제)",1,X,X,X
"전국","어선(철강제)",3,13836,13693,462
"전국","여객선(철강제)",2,X,X,X
"전국","기타 항해용 강선",7,2746970,2746970,0
"전국","강선 수리",39,208468,208511,1168
"전국","여객선(FRP제, 동력식)",4,8691,8636,498
"전국","어선(FRP제, 동력식)",34,113900,113929,103
"전국","합성수지선 수리",4,7051,7051,0
"전국","목선(동력식)",2,X,X,X
"전국","비철금속선(동력식)",2,X,X,X
"전국","특수선박(상업 및 군사용 제외)",18,2874304,2876118,7418
"전국","물에 뜨는 구조물",11,128410,128884,3806
"전국","기타 선박 수리",6,12717,12717,0
"전국","선체블록",224,3001637,2784908,661779
"전국","모터보트",4,12008,11755,2352
"전국","무동력 보트",2,X,X,X
"전국","화물용 기차",1,X,X,X
"전국","전동차",3,1046132,1046132,0
"전국","철도, 궤도의 유지·보수용 차량",1,X,X,X
"전국","철도차량 개조 및 재생",3,14953,15083,57
"전국","제동기",4,66133,66334,2941
"전국","철도선로장치물",23,302009,301453,3568
"전국","철도차량용 의자",7,10182,9956,832
"전국","차축, 차륜 및 부품",7,43024,42750,1906
"전국","기타 철도차량 전용부품",61,449705,435208,52948
"전국","동력 항공기",3,1936726,1936146,619
"전국","무동력 항공기",2,X,X,X
"전국","항공기 개조 및 재생",3,286380,286094,1854
"전국","대륙 간 탄도 미사일",1,X,X,X
"전국","무인 항공기",10,37314,37513,328
"전국","무인 비행장치",6,15798,15231,1615
"전국","항공기용 엔진",2,X,X,X
"전국","항공기엔진 부품",18,994239,990365,39577
"전국","항공기용 의자",3,4211,4254,153
"전국","기타 항공기 전용부품",80,2172559,2166428,60137
"전국","전투용 차량",5,1275237,1273019,2381
"전국","전투용 차량부품",28,500212,501167,7664
"전국","모터사이클",6,47142,46846,695
"전국","모터사이클  전용부품",10,33550,33846,934
"전국","자전거",5,25441,26125,830
"전국","환자용 차량",7,34809,34251,2027
"전국","환자용 차량 부품",2,X,X,X
"전국","기타 수동식 운송장비",20,53973,52833,5954
"전국","기타 수동식 운송장비 부품",3,19556,19215,2284
"전국","가구 제조업",1579,7608939,7612955,329311
"전국","매트리스",63,440441,440441,21133
"전국","매트리스 지지물",8,31485,31440,2109
"전국","소파 및 가정용 내장의자",73,312242,310245,11909
"전국","목제 식탁 및 식탁의자",14,84367,89606,14132
"전국","목제 조리대(싱크대)",97,661287,664710,14428
"전국","목제 싱크대상판",27,115552,115063,2546
"전국","목제 상(식탁용)",3,5628,5367,768
"전국","찬장",11,108606,108897,2348
"전국","기타 목제 주방가구",21,81447,81258,2223
"전국","목제 책상",33,103483,103305,3408
"전국","목제 의자",20,62050,63768,1763
"전국","거실 및 서재용 목제가구",120,651471,649485,25576
"전국","목제 침대",51,542220,544094,22573
"전국","화장대",15,34961,34863,1471
"전국","장식장",31,148414,146123,20932
"전국","장롱",103,626942,625927,41497
"전국","기타 침실용 목제가구",24,72037,71686,3357
"전국","유아 및 어린이용 목제가구",12,29586,28224,2150
"전국","TV 및 음향기기용 목제캐비닛",3,2980,2982,39
"전국","신발장",31,86771,89689,3346
"전국","기타 가정용 목제가구",40,150100,150841,3698
"전국","사무용 목제책상",67,290121,290542,12733
"전국","사무용 목제의자",11,30287,30531,5835
"전국","사무용 목제탁자 및 테이블",25,66970,66916,2850
"전국","사무용 보관함",38,124181,123247,4677
"전국","목제 칸막이",17,53127,53119,500
"전국","목제 상점진열대 및 라커",38,157692,158474,1682
"전국","기타 사무 및 상업용 목제가구",23,72565,72585,2024
"전국","학교 및 공공장소용 가구",41,145825,145091,7059
"전국","실험 및 과학용 가구",17,48824,48886,2502
"전국","주문형 목제가구",51,144742,144522,4082
"전국","목제가구 부품",30,122341,122065,5163
"전국","가정용 금속제 주방가구",21,86304,86442,1435
"전국","기타 가정용 금속가구",29,123243,122921,5772
"전국","사무용 금속제 책상",38,205616,205348,5570
"전국","사무용 금속제 의자",52,399660,398663,13784
"전국","금속제 캐비닛",37,190958,191696,6329
"전국","기타 사무용 보관함",10,19555,19934,2971
"전국","금속제 서가",14,81650,81868,2142
"전국","금속제 칸막이",24,117284,117768,3173
"전국","금속제 진열장 및 라커",74,267543,270034,14300
"전국","기타 금속가구",24,65614,64385,3327
"전국","금속가구 부품",17,84800,84338,5709
"전국","플라스틱제 가구",53,248960,247017,9081
"전국","기타 소재의 가구",11,16269,16233,2323
"전국","플라스틱 및 기타 소재의 가구 부품",17,92738,92316,2882
"전국","기타 제품 제조업",1209,5624286,5591375,410244
"전국","귀석 및 반귀석(원석을 1차가공한 것)",5,30290,29830,5130
"전국","귀금속제의 신변장신구 및 부품",100,774385,764251,101073
"전국","귀금속제의 세공품 및 부품",7,118340,116726,3283
"전국","보석제 제품",7,29734,27370,7327
"전국","주화",3,201159,203945,5363
"전국","금속제 모조 장신용품",23,68047,66924,10585
"전국","비금속제 모조 장신용품",7,17801,17551,1806
"전국","건반 악기 부품",2,X,X,X
"전국","디지털 피아노",4,20551,20824,1513
"전국","전자기타",4,38474,38226,5673
"전국","그외 전기식 악기",1,X,X,X
"전국","전자악기 부품",5,13661,13589,403
"전국","기타(guitar)",4,8406,9438,541
"전국","국악기",2,X,X,X
"전국","관악기",2,X,X,X
"전국","그외 악기",2,X,X,X
"전국","기타 악기 부품",12,42776,43320,1068
"전국","체조,육상 및 체력단련용 장비",66,254717,255096,11504
"전국","놀이터용 장비",37,213798,212599,4821
"전국","낚시대",23,81254,79834,17688
"전국","낚시릴",12,100251,98563,10404
"전국","낚시바늘",8,25613,25946,2978
"전국","낚시 인조찌",2,X,X,X
"전국","기타 낚시용구",15,39451,39207,3180
"전국","수렵용구",2,X,X,X
"전국","골프용품",13,186598,185500,18295
"전국","운동용 공",3,5946,5960,261
"전국","운동용 장갑류",2,X,X,X
"전국","양궁, 국궁 및 유사장비",6,29039,28086,4790
"전국","기타 운동 및 경기용구",14,37542,37718,6267
"전국","사람인형",5,7130,7391,257
"전국","동물 및 기타인형",11,76636,76404,11591
"전국","승용장난감",6,20202,19991,3076
"전국","조립식장난감",22,101024,100324,20024
"전국","기타 장난감",21,63092,61656,5372
"전국","인형 및 장난감 부품",4,12562,11728,2698
"전국","영상게임기",4,32907,34725,3287
"전국","게임기컨트롤러",1,X,X,X
"전국","기타 영상게임기 부품",1,X,X,X
"전국","기타 오락용품",16,42549,40904,4496
"전국","기타 오락용품의 부품",1,X,X,X
"전국","간판 및 광고진열물(비전기식)",258,618195,619709,15263
"전국","사인펜",5,36878,37535,2277
"전국","볼펜",18,97586,97824,5365
"전국","샤프펜",3,3146,3001,272
"전국","기타 펜",8,32459,32373,274
"전국","연필",6,35256,35684,1464
"전국","크레용 및 파스텔",5,13342,13639,700
"전국","기타 필기용품",6,25198,25171,6124
"전국","기타 회화용품",5,22180,22093,491
"전국","스탬프(수동식)",6,33902,32851,1769
"전국","잉크리본",2,X,X,X
"전국","문구용칠판 및 화이트보드",11,31821,31884,566
"전국","필기구의 부품",4,9067,9070,1084
"전국","가발 및 유사제품",6,21289,21486,835
"전국","가발제조용 원사",10,98404,99023,3953
"전국","조화 및 모조 장식품",11,17939,17794,573
"전국","실물설명용 모형",80,262210,262437,8245
"전국","표구 제품",6,17416,17193,232
"전국","표구 부속품",12,35104,34389,3411
"전국","일반 단추",24,63674,62851,3195
"전국","스냅 단추",2,X,X,X
"전국","지퍼",21,144434,144124,4903
"전국","기타 파스너",7,11340,11177,1391
"전국","단추 및 지퍼 부품",2,X,X,X
"전국","담배 라이터",1,X,X,X
"전국","담배 필터",7,362551,356819,15298
"전국","양초",13,22394,22179,2148
"전국","착화탄",4,11809,11667,1234
"전국","기타 연소가능물품",6,23110,22563,707
"전국","라이타 및 흡연용품의 부품",3,9684,9668,27
"전국","칫솔",39,166808,168493,9469
"전국","청소용 비 및 솔",23,149638,149421,4789
"전국","개인위생용 솔",20,141491,142336,2711
"전국","페인트용 롤러 및 붓",2,X,X,X
"전국","산업용 솔",8,36847,37231,1219
"전국","놀이공원용품",2,X,X,X
"전국","머리빗",4,13395,13390,231
"전국","머리핀 및 미장원용 핀",3,7841,7881,773
"전국","화장용품",27,155012,153691,4363
"전국","향수 및 화장품용 스프레이",1,X,X,X
"전국","우산류",4,13118,13249,8235
"전국","지팡이",1,X,X,X
"전국","보온용 및 기타 진공용기",4,17107,16304,2844
"전국","마네킹 인형",3,6058,5928,581
"전국","기타 제품",29,74527,67861,12038
"전국","우산류 및 지팡이 부품",2,X,X,X
"전국","산업용 기계 및 장비 수리업",546,2956919,2956887,15948
"전국","건설ㆍ광업용 기계 및 장비수리",42,170083,170075,479
"전국","산업용 기계 및 장비 수리",256,1367703,1368004,9106
"전국","선박 부품 수리",87,335426,334980,3766
"전국","항공기 부품 수리",6,126334,126334,0
"전국","사무용 기계 수리",15,17374,17353,21
"전국","전기ㆍ전자 및 정밀기기 수리",140,939999,940141,2576
